phase,env_steps,model_updates,ac_updates,elapsed_seconds,model_loss,vector_nll,reward_nll,discount_bce,kl,actor_loss,critic_loss,imagined_return,imagined_discount,model_gradient_norm,actor_gradient_norm,critic_gradient_norm,delta_nll,edge_nll,actor_bc_loss
joint_ac,1425,129,79,30.2,153.29502868652344,13.822876930236816,3.6282570362091064,0.09757627546787262,0.0597914382815361,-0.019523147493600845,0.9743406176567078,-0.320622056722641,0.9762832522392273,21296314.0,9.851144790649414,0.8461425304412842,7.1631760597229,4.117445945739746,0.6163281798362732
joint_ac,2440,332,282,60.3,155.2578582763672,13.615447044372559,3.863125801086426,0.12856154143810272,3.3503479957580566,-0.017730532214045525,0.9211536049842834,-0.15517576038837433,0.9706717133522034,162.6504364013672,10.391061782836914,0.16334973275661469,7.208427906036377,4.552924156188965,0.5284807085990906
joint_ac,3405,525,475,90.3,146.09619140625,12.521553993225098,3.868748188018799,0.14978554844856262,5.427236080169678,-0.01801755651831627,0.9207525253295898,-0.2628137171268463,0.9700572490692139,93.87625122070312,9.671693801879883,0.03789710998535156,6.298922538757324,5.135976314544678,0.6527620553970337
joint_ac,4350,714,664,120.5,149.48919677734375,12.612935066223145,3.9496874809265137,0.17510797083377838,7.659084320068359,-0.01753382571041584,0.919819712638855,-0.3808799088001251,0.9722844362258911,88.30626678466797,5.608682155609131,0.1433427780866623,6.478116512298584,5.097832679748535,0.6260756850242615
joint_ac,5285,901,851,150.6,150.8884735107422,12.68138313293457,3.7757081985473633,0.10029423236846924,7.309217929840088,-0.017966682091355324,0.9203557968139648,-0.4589022696018219,0.964135468006134,71.72429656982422,12.947861671447754,0.5079662203788757,8.21530532836914,4.674113750457764,0.46881231665611267
joint_ac,6215,1087,1037,180.6,144.93955993652344,12.429720878601074,3.660945415496826,0.11677264422178268,6.01824951171875,-0.01724919117987156,0.919686496257782,-0.482892781496048,0.96978360414505,56.69757843017578,7.878664493560791,0.061508625745773315,6.50405740737915,4.342318534851074,0.41017240285873413
joint_ac,7110,1266,1216,210.6,144.60118103027344,12.370471954345703,3.72226619720459,0.18090294301509857,5.5744123458862305,-0.016918178647756577,0.919569194316864,-0.5213996171951294,0.973917543888092,46.86876678466797,7.570371627807617,0.18493947386741638,6.6578826904296875,4.761005878448486,0.4671752452850342
joint_ac,8010,1446,1396,240.6,144.61788940429688,12.381769180297852,3.6249561309814453,0.21905072033405304,6.259393692016602,-0.013708431273698807,0.919716477394104,-0.5551669597625732,0.9814261198043823,66.36784362792969,10.312828063964844,0.10561712086200714,6.132496356964111,4.56430196762085,0.41365498304367065
joint_ac,8835,1611,1561,270.7,144.92477416992188,12.57189655303955,3.6190555095672607,0.09898316115140915,5.536314010620117,-0.019429700449109077,0.9195012450218201,-0.516801655292511,0.9634246826171875,54.47351837158203,25.08126449584961,0.16713015735149384,5.8866424560546875,4.064820766448975,0.44604793190956116
joint_ac,9600,1764,1714,300.8,142.84544372558594,12.229513168334961,3.9594788551330566,0.10933933407068253,6.303142547607422,-0.017043691128492355,0.9199410676956177,-0.594504714012146,0.9759031534194946,31.26363182067871,17.27594757080078,0.15756991505622864,6.163547992706299,4.014805316925049,0.3076614737510681
joint_ac,10440,1932,1882,331.0,143.29171752929688,12.33272647857666,3.5780599117279053,0.11116257309913635,5.813535213470459,-0.012900478206574917,0.9202703237533569,-0.5478459000587463,0.9695884585380554,40.688392639160156,5.003333568572998,0.35592716932296753,6.56476354598999,3.896927833557129,0.3339163064956665
joint_ac,11265,2097,2047,361.0,143.0426025390625,12.225305557250977,3.137770414352417,0.1489231139421463,6.966698169708252,-0.013117929920554161,0.9209761619567871,-0.5047192573547363,0.9732996821403503,39.00685119628906,6.946028709411621,0.19056998193264008,6.612781047821045,3.923369884490967,0.44929271936416626
joint_ac,12035,2251,2201,391.1,144.07228088378906,12.369145393371582,3.6381406784057617,0.0915965810418129,6.375260353088379,-0.016963696107268333,0.9196649789810181,-0.489535927772522,0.9659410119056702,60.12392807006836,5.83427095413208,0.2822299599647522,6.0443949699401855,4.231441497802734,0.32950928807258606
joint_ac,12845,2413,2363,421.2,143.61395263671875,12.272297859191895,3.5467987060546875,0.1222689300775528,6.599407196044922,-0.015887727960944176,0.9214022159576416,-0.5523847937583923,0.9806802272796631,45.03156280517578,6.735778331756592,0.3620184063911438,6.370927333831787,4.2515692710876465,0.32754841446876526
joint_ac,13660,2576,2526,451.3,144.4674835205078,12.541050910949707,3.7789154052734375,0.10699056088924408,5.328001976013184,-0.01754571497440338,0.9209322333335876,-0.5709996223449707,0.9678701162338257,59.035987854003906,23.60771369934082,0.15957428514957428,5.721749782562256,4.121326446533203,0.2607417106628418
joint_ac,14485,2741,2691,481.4,144.37307739257812,12.337165832519531,4.014250755310059,0.09962686151266098,6.156328201293945,-0.018656283617019653,0.9218325614929199,-0.6396588087081909,0.9750699400901794,44.11383819580078,10.324603080749512,0.7093296647071838,6.203680515289307,4.527535438537598,0.33187809586524963
joint_ac,15290,2902,2852,511.5,143.99525451660156,12.306068420410156,4.2885284423828125,0.12449445575475693,5.709799289703369,-0.011561907827854156,0.9251803159713745,-0.5909862518310547,0.9669946432113647,41.11603546142578,9.784632682800293,1.033928394317627,6.3918280601501465,4.419920921325684,0.2905811071395874
joint_ac,16075,3059,3009,541.7,141.80470275878906,12.233881950378418,3.712986707687378,0.1166754886507988,5.479048252105713,-0.012527119368314743,0.922724723815918,-0.5040689706802368,0.9682229161262512,42.364234924316406,10.527301788330078,0.5316973328590393,6.023631572723389,4.133537292480469,0.3122022747993469
joint_ac,16830,3210,3160,571.8,140.8256072998047,12.245284080505371,3.417543888092041,0.10866986215114594,4.553414821624756,-0.011359430849552155,0.9227835536003113,-0.37577542662620544,0.9681300520896912,34.323150634765625,10.480527877807617,0.3554455637931824,6.194220066070557,4.098906993865967,0.27857378125190735
joint_ac,17580,3360,3310,602.0,142.98011779785156,12.406896591186523,3.4523367881774902,0.12177848070859909,5.086543083190918,-0.019245194271206856,0.9208544492721558,-0.4967614710330963,0.9684299230575562,49.073448181152344,6.048725128173828,0.394096314907074,6.072169780731201,4.178335189819336,0.23813478648662567
joint_ac,18355,3515,3465,632.1,143.15798950195312,12.437328338623047,3.168304443359375,0.11172981560230255,5.2022857666015625,-0.013982322998344898,0.9205618500709534,-0.4392942190170288,0.9726765751838684,51.58729934692383,5.138118743896484,0.20019513368606567,6.118974208831787,4.183412551879883,0.23351547122001648
joint_ac,19135,3671,3621,662.3,140.50164794921875,12.231159210205078,3.834073781967163,0.09702292084693909,4.536268711090088,-0.014105772599577904,0.9205973744392395,-0.47291430830955505,0.9693384766578674,38.37958908081055,8.404154777526855,0.06240282207727432,5.7099289894104,4.012759685516357,0.2756698429584503
joint_ac,19950,3834,3784,692.4,141.32742309570312,12.387080192565918,3.832284688949585,0.09689825773239136,3.7277512550354004,-0.01490276213735342,0.9201019406318665,-0.4658617079257965,0.9691963195800781,37.73121643066406,5.448676109313965,0.10454054921865463,5.8459696769714355,3.953702926635742,0.26296311616897583
joint_ac,20750,3994,3944,722.5,141.12411499023438,12.263437271118164,4.178930282592773,0.14019763469696045,4.202103614807129,-0.010083313100039959,0.923014760017395,-0.48916688561439514,0.939643144607544,46.44011688232422,7.180382251739502,0.4521459937095642,5.696568489074707,4.271956920623779,0.2351302057504654
joint_ac,21495,4143,4093,752.5,140.35519409179688,12.352173805236816,3.8569037914276123,0.09633854031562805,3.100313186645508,-0.011967632919549942,0.9205286502838135,-0.6825912594795227,0.9767313599586487,38.423805236816406,8.702596664428711,0.22442056238651276,5.687284469604492,4.092624187469482,0.23778894543647766
joint_ac,22260,4296,4246,782.5,141.63955688476562,12.287124633789062,3.0737662315368652,0.1334836333990097,5.375489711761475,-0.009678730741143227,0.9216408729553223,-0.5036928653717041,0.9796378016471863,55.07371139526367,9.53588581085205,0.36132052540779114,5.7840046882629395,4.401561737060547,0.2676346004009247
joint_ac,23015,4447,4397,812.6,139.04705810546875,12.30297565460205,3.8190712928771973,0.09620190411806107,2.662036657333374,-0.010760908015072346,0.9227796792984009,-0.523982048034668,0.9579318165779114,40.94384765625,6.920246124267578,0.08946233987808228,5.386054515838623,4.053933143615723,0.21446561813354492
joint_ac,23775,4599,4549,842.6,138.1122283935547,12.214354515075684,3.424518346786499,0.08864100277423859,3.1710753440856934,-0.011595848016440868,0.9215049743652344,-0.5428033471107483,0.9648293852806091,39.46287536621094,7.1071343421936035,0.21053163707256317,5.3502631187438965,3.934173822402954,0.1593369096517563
joint_ac,24490,4742,4692,872.6,136.97467041015625,12.171091079711914,3.3572323322296143,0.10306800901889801,2.415322780609131,-0.009746832773089409,0.9233566522598267,-0.4984310269355774,0.9736629724502563,44.68939971923828,7.167381286621094,0.49838557839393616,5.364052772521973,4.02409029006958,0.20324021577835083
joint_ac,25220,4888,4838,902.7,139.39720153808594,12.237075805664062,4.028739929199219,0.2827281951904297,2.355217933654785,-0.0016501352656632662,0.922646701335907,-0.7429569363594055,0.9788191318511963,49.891143798828125,7.0756988525390625,0.3666800558567047,5.711124420166016,4.648656845092773,0.1686813086271286
joint_ac,25910,5026,4976,932.7,137.24853515625,12.224459648132324,3.3372702598571777,0.09695924073457718,2.490736246109009,-0.011500734835863113,0.9262331128120422,-0.6646709442138672,0.9729301929473877,41.48774719238281,5.430159091949463,0.8742221593856812,5.227190971374512,3.851785898208618,0.20804433524608612
joint_ac,26605,5165,5115,962.9,136.68621826171875,12.16237735748291,3.708528757095337,0.09789392352104187,1.766793131828308,-0.009080841206014156,0.9243072271347046,-0.5289469957351685,0.9599156975746155,30.668724060058594,4.971653938293457,0.21696460247039795,5.288171291351318,4.201061725616455,0.17565615475177765
joint_ac,27300,5304,5254,992.9,136.31362915039062,12.194697380065918,3.580657720565796,0.09393143653869629,1.635216474533081,-0.0069221192970871925,0.9243438243865967,-0.3850395381450653,0.976218044757843,27.09491539001465,3.6786890029907227,0.34348323941230774,5.036132335662842,4.020720958709717,0.1495855748653412
joint_ac,28000,5444,5394,1022.9,137.1289825439453,12.211878776550293,3.6192562580108643,0.09286632388830185,2.242593288421631,-0.01108470093458891,0.9276212453842163,-0.32723668217658997,0.9735336303710938,30.404088973999023,7.120090484619141,0.6954073905944824,5.132106781005859,3.923365592956543,0.19412098824977875
joint_ac,28720,5588,5538,1053.0,137.0211944580078,12.194501876831055,3.619523763656616,0.1045842096209526,2.1568167209625244,-0.0045274230651557446,0.92203289270401,-0.49588388204574585,0.9737604856491089,35.09808349609375,3.4423065185546875,0.19812852144241333,5.272788047790527,3.922461748123169,0.19518284499645233
joint_ac,29415,5727,5677,1083.1,136.59036254882812,12.201447486877441,3.6674787998199463,0.1337251514196396,1.6086729764938354,-0.003394294995814562,0.9207345247268677,-0.6778398156166077,0.9808627963066101,34.7415771484375,7.750447750091553,0.1372987926006317,4.991744518280029,4.174255847930908,0.13306374847888947
joint_ac,30125,5869,5819,1113.2,137.46731567382812,12.146963119506836,3.328669548034668,0.18633872270584106,2.627636432647705,-0.005154245998710394,0.9208571910858154,-0.3923797905445099,0.9758697152137756,39.318504333496094,8.336453437805176,0.0492292083799839,5.220254898071289,4.634777545928955,0.16371984779834747
joint_ac,30860,6016,5966,1143.3,136.070068359375,12.198389053344727,3.2944281101226807,0.12404372543096542,1.7085139751434326,-0.005325400736182928,0.9210981726646423,-0.532127320766449,0.9730571508407593,36.00340270996094,6.9132466316223145,0.15307766199111938,4.999111652374268,3.9600729942321777,0.1723109483718872
joint_ac,31590,6162,6112,1173.4,135.4770050048828,12.09982967376709,3.620771884918213,0.12810443341732025,1.7550667524337769,-0.0020308555103838444,0.9217256307601929,-0.5339093208312988,0.9675098061561584,26.919790267944336,6.353601932525635,0.36387962102890015,5.029553413391113,3.945206642150879,0.17821142077445984
joint_ac,32295,6303,6253,1203.4,136.2963409423828,12.140851020812988,3.4784703254699707,0.09723374992609024,2.1263365745544434,-0.004183247685432434,0.9248116612434387,-0.29911109805107117,0.9467695951461792,28.58652114868164,4.029538154602051,0.6154581904411316,5.254673480987549,3.931117534637451,0.13422240316867828
joint_ac,33025,6449,6399,1233.5,139.92921447753906,12.348166465759277,3.575477361679077,0.1635010987520218,3.095215320587158,-0.0011678887531161308,0.9239314794540405,-0.5082351565361023,0.9678075313568115,48.15028381347656,4.112125396728516,0.6831154227256775,5.3822021484375,4.231150150299072,0.13488756120204926
joint_ac,33745,6593,6543,1263.7,137.79969787597656,12.238005638122559,3.8505382537841797,0.09081606566905975,2.260725259780884,-0.0031511227134615183,0.9237954020500183,-0.4468306005001068,0.9711524844169617,30.46712875366211,5.390323638916016,0.18982967734336853,5.09376859664917,4.123798370361328,0.12612396478652954
joint_ac,34485,6741,6691,1293.9,134.81446838378906,12.089354515075684,2.946807622909546,0.10718636214733124,2.08789324760437,-0.004443428013473749,0.9246799945831299,-0.44754061102867126,0.9680801630020142,31.054244995117188,4.635739803314209,0.10532090067863464,4.980128288269043,3.7989063262939453,0.22961106896400452
joint_ac,35220,6888,6838,1324.0,138.06716918945312,12.16428279876709,3.645942211151123,0.1067228838801384,2.987100124359131,-0.00011545088636921719,0.9222724437713623,-0.43267831206321716,0.9824998378753662,42.12662887573242,5.621242523193359,0.3178879916667938,5.631782531738281,4.052793979644775,0.178666889667511
joint_ac,35945,7033,6983,1354.2,137.64198303222656,12.283587455749512,3.938591241836548,0.09506764262914658,1.6927547454833984,-0.0051873829215765,0.9220578074455261,-0.514589786529541,0.9658569097518921,34.016170501708984,5.2045674324035645,0.3850601017475128,5.0059895515441895,4.073701858520508,0.14105217158794403
joint_ac,36635,7171,7121,1384.3,134.57894897460938,12.06822681427002,2.816450357437134,0.11671692878007889,2.1552977561950684,-0.0021997399162501097,0.9217891097068787,-0.420068621635437,0.9755809903144836,23.625829696655273,4.3471999168396,0.14511410892009735,4.956439018249512,3.8517773151397705,0.18747307360172272
joint_ac,37340,7312,7262,1414.5,136.93724060058594,12.121419906616211,3.591719627380371,0.09899934381246567,2.9274370670318604,3.32296549458988e-05,0.9277795553207397,-0.3384637236595154,0.9751571416854858,38.656646728515625,6.073668479919434,0.2736971974372864,5.30661678314209,3.798248529434204,0.1755862832069397
joint_ac,38070,7458,7408,1444.5,137.08131408691406,12.244100570678711,3.2437193393707275,0.09649491310119629,2.428710460662842,-0.0025248273741453886,0.9257127046585083,-0.4245106279850006,0.9779685139656067,26.24372673034668,3.7982473373413086,0.44455695152282715,5.006371974945068,3.865015983581543,0.12585847079753876
joint_ac,38815,7607,7557,1474.7,136.98646545410156,12.154739379882812,3.202479362487793,0.17513638734817505,2.6336991786956787,-0.0006220532231964171,0.9221465587615967,-0.5061076283454895,0.9483255743980408,36.26774597167969,4.237997055053711,0.36212530732154846,5.052092552185059,4.375668525695801,0.2328614592552185
joint_ac,39530,7750,7700,1504.8,136.6609649658203,12.096120834350586,3.3206238746643066,0.09373194724321365,2.915297031402588,-0.0008235658169724047,0.9215623736381531,-0.47368478775024414,0.9745712280273438,23.59327507019043,8.298844337463379,0.06850079447031021,5.507285118103027,3.862823247909546,0.19952942430973053
joint_ac,40255,7895,7845,1535.0,136.0956268310547,12.13292121887207,3.5077919960021973,0.09748701751232147,2.246807098388672,0.002895017620176077,0.9232211112976074,-0.4231894314289093,0.92255038022995,35.597774505615234,5.863936424255371,0.3823806643486023,4.987277507781982,3.9270613193511963,0.12969344854354858
joint_ac,40930,8030,7980,1565.2,140.59512329101562,12.431930541992188,3.9188263416290283,0.18654674291610718,2.3807554244995117,0.0051699052564799786,0.92296302318573,-0.4862838387489319,0.8973523378372192,43.22875213623047,8.584632873535156,0.21515335142612457,5.051313877105713,4.738384246826172,0.17397892475128174
joint_ac,41650,8174,8124,1595.4,135.27767944335938,12.067688941955566,2.9376957416534424,0.11489943414926529,2.7482619285583496,-0.00051375717157498,0.9257037043571472,-0.5356853604316711,0.984444797039032,33.75271224975586,5.886688709259033,0.08325405418872833,5.024684906005859,3.7752504348754883,0.14895538985729218
joint_ac,42340,8312,8262,1625.6,135.3900604248047,12.118733406066895,3.0307652950286865,0.09186483174562454,2.1932451725006104,0.002545646158978343,0.9341593384742737,-0.49459609389305115,0.9749322533607483,27.886716842651367,4.948808670043945,0.4486561417579651,4.94628381729126,3.9405791759490967,0.20063845813274384
joint_ac,43095,8463,8413,1655.7,135.72781372070312,12.123188018798828,3.5264899730682373,0.09289243072271347,1.8941713571548462,0.005139394197613001,0.9309779405593872,-0.48090749979019165,0.9694287776947021,20.879749298095703,3.710684299468994,0.2541748583316803,4.978188991546631,4.004193305969238,0.137576162815094
joint_ac,43830,8610,8560,1685.9,136.91506958007812,12.124685287475586,3.485414505004883,0.09285826981067657,3.086277484893799,0.001810577348805964,0.9252514243125916,-0.5166324973106384,0.9612833261489868,22.739418029785156,6.88343620300293,0.6120523810386658,5.112661838531494,3.8910088539123535,0.13306038081645966
joint_ac,44580,8760,8710,1716.1,139.52577209472656,12.170661926269531,3.226888656616211,0.2776256501674652,3.3835549354553223,0.009596939198672771,0.9222198724746704,-0.2997813820838928,0.9708092212677002,72.43196105957031,4.1854166984558105,0.43157386779785156,5.175521373748779,5.755558967590332,0.10768493264913559
joint_ac,45335,8911,8861,1746.3,135.98736572265625,12.152989387512207,3.3113231658935547,0.09078071266412735,2.2838714122772217,0.005532175302505493,0.984978973865509,-0.053941428661346436,0.9712527990341187,35.80196762084961,2.4822771549224854,1.364686369895935,4.943789005279541,3.8276984691619873,0.1014987900853157
joint_ac,46095,9063,9013,1776.4,136.56973266601562,12.144360542297363,3.470442295074463,0.0998464897274971,2.6301774978637695,0.0026729563251137733,0.9315804243087769,-0.2445410192012787,0.9663092494010925,24.41909408569336,7.529539108276367,0.27499961853027344,5.135861873626709,3.7898013591766357,0.2568189799785614
joint_ac,46815,9207,9157,1806.4,135.52259826660156,12.160445213317871,3.191701650619507,0.09887780249118805,1.8901888132095337,0.005866094026714563,0.9281104207038879,-0.567422091960907,0.9786595106124878,32.21895217895508,6.207671165466309,0.7529430389404297,4.834312915802002,3.9030778408050537,0.17480197548866272
joint_ac,47555,9355,9305,1836.5,136.2520751953125,12.136804580688477,3.6199727058410645,0.10865772515535355,2.2400922775268555,0.012845393270254135,0.9227724075317383,-0.6138515472412109,0.9660907983779907,26.805049896240234,6.387573719024658,0.2921934127807617,4.937245845794678,3.978064775466919,0.11379709094762802
joint_ac,48302,9504,9454,1866.5,134.76004028320312,12.060895919799805,3.036569356918335,0.11193665117025375,2.0896823406219482,0.006056867074221373,0.9245602488517761,-0.4891396760940552,0.9468806385993958,32.252403259277344,7.273961067199707,0.21749046444892883,4.994058132171631,3.918818235397339,0.1219046339392662
joint_ac,49035,9651,9601,1896.5,136.21400451660156,12.106925010681152,3.453242063522339,0.165168896317482,2.197578191757202,0.007183365523815155,0.9247729778289795,-0.41653990745544434,0.9863221645355225,41.15068435668945,5.623228549957275,0.09402932971715927,5.054361820220947,4.274408340454102,0.11717028170824051
joint_ac,49760,9796,9746,1926.5,136.0745849609375,12.179429054260254,3.509631872177124,0.10419674217700958,1.7394622564315796,0.005157365929335356,0.9333781003952026,-0.3729526698589325,0.9707985520362854,23.767749786376953,5.111066818237305,0.22061806917190552,4.919024467468262,4.007997512817383,0.10195012390613556
joint_ac,50495,9943,9893,1956.6,136.49957275390625,12.150649070739746,4.280500888824463,0.08739593625068665,1.953818917274475,0.009035568684339523,0.9319911599159241,-0.2870713770389557,0.9712769985198975,30.91841697692871,4.653985977172852,0.16984666883945465,4.886895656585693,3.784480571746826,0.14772675931453705
joint_ac,51235,10091,10041,1986.7,135.6459503173828,12.163942337036133,3.1140644550323486,0.09402047842741013,1.9270424842834473,0.010044004768133163,0.9334285259246826,-0.16266293823719025,0.9643410444259644,25.339143753051758,5.132788181304932,0.22513237595558167,5.004683971405029,3.86672306060791,0.18340949714183807
joint_ac,51995,10243,10193,2016.7,135.58595275878906,12.047431945800781,3.236671209335327,0.11898541450500488,2.369741439819336,0.00824231468141079,0.9227248430252075,-0.5656849145889282,0.9776174426078796,34.403907775878906,4.807189464569092,0.10600922256708145,5.092465877532959,4.293766975402832,0.1082741916179657
joint_ac,52755,10395,10345,2046.9,136.00210571289062,12.168885231018066,2.7494993209838867,0.11663294583559036,2.7210400104522705,0.0058641331270337105,0.9359862804412842,0.0005846562562510371,0.9645178914070129,40.40529251098633,7.657027721405029,0.7714998126029968,4.868719577789307,3.8573665618896484,0.1074538454413414
joint_ac,53510,10546,10496,2077.0,134.5238800048828,12.06944751739502,3.021188259124756,0.08311299979686737,1.9806220531463623,0.014210190623998642,0.9307525157928467,-0.39265644550323486,0.9715595841407776,25.590702056884766,5.621317386627197,0.26637890934944153,4.9194016456604,3.8250672817230225,0.15514062345027924
joint_ac,54255,10695,10645,2107.1,136.07522583007812,12.168673515319824,3.1186280250549316,0.1119721382856369,1.858290433883667,0.011537347920238972,0.9266887307167053,-0.3840682804584503,0.9704710245132446,39.52159881591797,3.410221815109253,0.651565432548523,4.9189066886901855,4.380703449249268,0.12838786840438843
joint_ac,55015,10847,10797,2137.2,135.8131561279297,12.150362014770508,3.3077945709228516,0.08140575140714645,2.1240057945251465,0.012350070290267467,0.9259834885597229,-0.492872953414917,0.9582916498184204,41.86027145385742,5.641788959503174,0.4784846603870392,4.879939079284668,3.9163944721221924,0.13873252272605896
joint_ac,55755,10995,10945,2167.3,135.50694274902344,12.131585121154785,3.5129449367523193,0.09184277802705765,1.7942702770233154,0.013723774813115597,0.9309449791908264,-0.3669877350330353,0.9553371667861938,24.26630210876465,3.3736038208007812,0.2664250135421753,4.8663506507873535,3.9257023334503174,0.1435014009475708
joint_ac,56485,11141,11091,2197.4,134.98512268066406,12.1273775100708,2.9037773609161377,0.08673671633005142,1.9081661701202393,0.014227324165403843,0.9330774545669556,-0.5228816270828247,0.986377477645874,31.43881607055664,3.570089101791382,0.283036470413208,4.999548435211182,3.81310772895813,0.12308260798454285
joint_ac,57230,11290,11240,2227.6,136.20166015625,12.144867897033691,3.6411478519439697,0.09569800645112991,2.1092495918273926,0.012566761113703251,0.925537109375,-0.6107351183891296,0.9760042428970337,27.327482223510742,2.7283523082733154,0.32660767436027527,4.970831871032715,3.93607759475708,0.16975611448287964
joint_ac,57960,11436,11386,2257.6,134.08580017089844,12.011384963989258,3.449744939804077,0.08720318973064423,1.7264209985733032,0.01419055461883545,0.9230884909629822,-0.5997992157936096,0.9784058928489685,13.593704223632812,3.445359468460083,0.0772533267736435,4.9290618896484375,3.7795188426971436,0.09767904877662659
joint_ac,58710,11586,11536,2287.8,134.556640625,12.038253784179688,3.069810152053833,0.09322912991046906,2.0751025676727295,0.011886253952980042,0.9215626120567322,-0.6400851607322693,0.9842087030410767,22.471765518188477,6.145752429962158,0.1732180267572403,4.949430465698242,3.9865317344665527,0.1209588274359703
joint_ac,59455,11735,11685,2317.8,135.2261962890625,12.073569297790527,3.2102105617523193,0.10405880957841873,2.4626309871673584,0.0034431039821356535,0.9256642460823059,-0.49727895855903625,0.9425582885742188,33.239803314208984,1.7127128839492798,0.1627376824617386,4.884599208831787,3.8290047645568848,0.07991695404052734
joint_ac,60210,11886,11836,2347.9,134.106201171875,12.050071716308594,2.9030776023864746,0.08276643604040146,1.7736679315567017,0.011198386549949646,0.9234903454780579,-0.7060324549674988,0.9724299311637878,20.198558807373047,2.7065749168395996,0.28814077377319336,4.914748191833496,3.9312260150909424,0.07562006264925003
joint_ac,60965,12037,11987,2378.1,134.4687042236328,12.030213356018066,3.178424119949341,0.0799170732498169,2.1624045372009277,0.01243229303508997,0.9317967891693115,-0.5406542420387268,0.975849449634552,22.51742935180664,3.8537540435791016,0.3002353608608246,4.9786810874938965,3.7671492099761963,0.1270812600851059
joint_ac,61670,12178,12128,2408.1,134.12950134277344,12.045182228088379,2.8299214839935303,0.09234093129634857,2.1022679805755615,0.007241409737616777,0.9343189001083374,-0.2560465335845947,0.9682434797286987,26.718259811401367,2.8674728870391846,0.15989458560943604,4.817458629608154,3.8356873989105225,0.13454459607601166
joint_ac,62380,12320,12270,2438.2,136.26101684570312,12.0988187789917,3.5079121589660645,0.08058284223079681,3.0669498443603516,0.011644366197288036,0.9247647523880005,-0.6395143866539001,0.969510018825531,24.573457717895508,2.9227066040039062,0.37574899196624756,4.831360816955566,3.7860167026519775,0.10728413611650467
joint_ac,63120,12468,12418,2468.2,134.8411102294922,12.042434692382812,3.0100975036621094,0.10222743451595306,2.5170512199401855,0.010678691789507866,0.9224561452865601,-0.6884968280792236,0.9789043068885803,27.56757354736328,2.5114171504974365,0.05892287939786911,4.984392166137695,3.803009033203125,0.1278546005487442
joint_ac,63855,12615,12565,2498.3,134.6642608642578,12.075016021728516,3.3308627605438232,0.09752614796161652,1.8597711324691772,0.016632597893476486,0.9289589524269104,-0.4012395143508911,0.9462242126464844,22.586864471435547,2.7392027378082275,0.2597149610519409,4.842775344848633,3.78316593170166,0.10841583460569382
joint_ac,64600,12764,12714,2528.3,133.80404663085938,12.049955368041992,2.692736864089966,0.09059104323387146,1.866823434829712,0.008685286156833172,0.9311197400093079,-0.44804900884628296,0.9480867385864258,28.778949737548828,4.274269104003906,0.25736117362976074,4.7798638343811035,3.8744773864746094,0.12039244174957275
joint_ac,65325,12909,12859,2558.5,134.018310546875,12.069148063659668,2.9217028617858887,0.08702648431062698,1.6481685638427734,0.009195004589855671,0.923770546913147,-0.6463151574134827,0.9654399156570435,25.358304977416992,8.666876792907715,0.16596566140651703,4.812528610229492,3.8573904037475586,0.21434111893177032
joint_ac,66070,13058,13008,2588.6,135.24459838867188,12.05066967010498,3.2111663818359375,0.07564642280340195,2.786428213119507,0.009907000698149204,0.9253798723220825,-0.6049268841743469,0.9698783755302429,38.44219207763672,6.292953968048096,0.3458927273750305,4.869534015655518,3.7951228618621826,0.08978067338466644
joint_ac,66835,13211,13161,2618.8,134.62612915039062,12.057663917541504,2.896578788757324,0.07478601485490799,2.3014063835144043,0.0044785235077142715,0.9279005527496338,-0.5738058090209961,0.9568464159965515,32.307640075683594,4.3582682609558105,0.28954559564590454,4.888659477233887,3.8880693912506104,0.0746692344546318
joint_ac,67585,13361,13311,2648.8,136.6013946533203,12.073450088500977,3.4304611682891846,0.12689565122127533,3.1771233081817627,0.014418347738683224,0.922691822052002,-0.6758860945701599,0.9835656881332397,23.690080642700195,3.2754569053649902,0.06842157989740372,4.891296863555908,4.241117477416992,0.07498034089803696
joint_ac,68355,13515,13465,2678.8,134.89492797851562,12.095247268676758,3.037487506866455,0.10173610597848892,2.115757942199707,0.009553642943501472,0.9238415360450745,-0.556079089641571,0.9742870330810547,33.03339385986328,3.6030571460723877,0.3742668330669403,4.809242248535156,3.8782260417938232,0.15027132630348206
joint_ac,69106,13665,13615,2708.8,136.00454711914062,12.085149765014648,3.070183038711548,0.09057779610157013,3.0227437019348145,0.010288815945386887,0.9297151565551758,-0.6235049962997437,0.9431791305541992,49.558509826660156,5.707009315490723,0.49743717908859253,4.966019630432129,4.003507614135742,0.09819614142179489
joint_ac,69840,13812,13762,2738.9,133.38613891601562,12.002700805664062,2.9616808891296387,0.07484517991542816,1.7296297550201416,0.009020747616887093,0.9235549569129944,-0.5908985733985901,0.976779580116272,14.133503913879395,5.440430641174316,0.35256949067115784,4.821261882781982,3.7717108726501465,0.13231651484966278
joint_ac,70585,13961,13911,2768.9,133.43368530273438,12.02700138092041,2.681190252304077,0.07881004363298416,1.7923551797866821,0.0057932669296860695,0.9226447939872742,-0.6231620907783508,0.9698156714439392,19.959556579589844,3.753450870513916,0.14518406987190247,4.798781871795654,3.8125345706939697,0.10096894949674606
joint_ac,71320,14108,14058,2798.9,135.38308715820312,12.095803260803223,3.2294421195983887,0.06815020740032196,2.3961939811706543,0.011042543686926365,0.9297196269035339,-0.567755401134491,0.9551193118095398,23.862281799316406,2.9599227905273438,0.17776423692703247,4.823272228240967,3.9079954624176025,0.14664685726165771
joint_ac,72055,14255,14205,2829.1,134.46270751953125,12.055752754211426,2.366913318634033,0.13844840228557587,2.2726502418518066,0.0030736366752535105,0.9418217539787292,-0.14699988067150116,0.8876231908798218,30.052459716796875,2.514286994934082,0.4081500768661499,4.853440761566162,4.27372932434082,0.17208880186080933
joint_ac,72775,14399,14349,2859.3,133.9158172607422,12.046134948730469,2.8062736988067627,0.07789883762598038,1.9479165077209473,0.009686504490673542,0.9231934547424316,-0.6444949507713318,0.9633200168609619,19.566970825195312,4.305126667022705,0.12330860644578934,4.767963409423828,3.8544085025787354,0.11754269152879715
joint_ac,73495,14543,14493,2889.3,134.68634033203125,12.092028617858887,2.7598114013671875,0.06838300824165344,2.294856309890747,0.00877054501324892,0.9320728182792664,-0.3247954547405243,0.9675988554954529,21.418508529663086,2.201573610305786,0.3072453439235687,4.73905086517334,3.9039437770843506,0.08365245908498764
joint_ac,74205,14685,14635,2919.4,134.7432098388672,12.134716987609863,2.8237526416778564,0.08084240555763245,1.8451741933822632,0.006760801654309034,0.9223597049713135,-0.5522169470787048,0.9826399683952332,25.323667526245117,3.5604426860809326,0.18080680072307587,4.787140846252441,3.859144687652588,0.10408317297697067
joint_ac,74910,14826,14776,2949.6,134.2425537109375,12.060669898986816,2.8014414310455322,0.08511373400688171,1.9428484439849854,0.0018800308462232351,0.925051748752594,-0.5911952257156372,0.9753625392913818,20.46550750732422,3.2394325733184814,0.4187857508659363,4.842806339263916,3.963660478591919,0.12446082383394241
joint_ac,75585,14961,14911,2979.7,134.93621826171875,12.085832595825195,2.795581817626953,0.1068817675113678,2.340745449066162,0.0014980427222326398,0.9226843118667603,-0.7205421924591064,0.98145991563797,32.67225646972656,4.056484699249268,0.306117981672287,4.908603191375732,3.9260952472686768,0.20787866413593292
joint_ac,76270,15098,15048,3009.9,135.236083984375,12.055609703063965,3.255225658416748,0.08823281526565552,2.6068637371063232,0.004830802325159311,0.9228835105895996,-0.6517528295516968,0.9739512205123901,29.168989181518555,4.702328681945801,0.11197547614574432,4.8565802574157715,3.8730807304382324,0.1273707002401352
joint_ac,76975,15239,15189,3040.1,135.6178436279297,12.074689865112305,3.0175223350524902,0.07212390750646591,3.2118802070617676,0.006316876970231533,0.9371653199195862,-0.5749351978302002,0.9820416569709778,29.91248893737793,7.866282939910889,0.21624691784381866,4.76765251159668,3.8017585277557373,0.09447084367275238
joint_ac,77685,15381,15331,3070.3,135.4019775390625,12.091351509094238,3.655653953552246,0.08013896644115448,2.1405680179595947,0.0035750693641602993,0.9233781099319458,-0.6717392802238464,0.979674220085144,30.168668746948242,4.637189865112305,0.16812260448932648,4.785463333129883,3.8266444206237793,0.09449108690023422
joint_ac,78415,15527,15477,3100.3,134.48989868164062,12.092373847961426,2.9289004802703857,0.07374311983585358,1.9830747842788696,0.003566458122804761,0.9266154766082764,-0.5517160892486572,0.9740427136421204,18.427656173706055,6.142659664154053,0.3098011314868927,4.816501617431641,3.7639405727386475,0.1521516889333725
joint_ac,79125,15669,15619,3130.6,132.931884765625,12.021183013916016,2.55590558052063,0.08914212137460709,1.5339465141296387,9.80671975412406e-05,0.9333003759384155,-0.42390942573547363,0.9670236110687256,16.00004005432129,7.3776631355285645,0.21501298248767853,4.73956823348999,3.801478147506714,0.11748801171779633
joint_ac,79840,15812,15762,3160.6,134.98931884765625,12.090309143066406,3.001431465148926,0.09368214756250381,2.275456428527832,0.0027866640593856573,0.9233272075653076,-0.6784857511520386,0.9772101640701294,23.47516441345215,2.309114694595337,0.3166721761226654,4.78879451751709,3.9268715381622314,0.10143498331308365
joint_ac,80560,15956,15906,3190.8,134.04498291015625,12.03544807434082,2.851288318634033,0.06838928908109665,2.269568681716919,0.006982477381825447,0.9532157778739929,-0.3742009103298187,0.9641119241714478,22.932636260986328,2.6203560829162598,0.7514512538909912,4.733370780944824,3.7678818702697754,0.09249959141016006
joint_ac,81270,16098,16048,3220.9,134.43177795410156,12.0648832321167,3.3922650814056396,0.07252320647239685,1.8291031122207642,0.00637645972892642,0.9394029378890991,-0.4682317078113556,0.9722614288330078,21.37084197998047,3.7067360877990723,0.4074019491672516,4.761054039001465,3.728001356124878,0.061783988028764725
joint_ac,81995,16243,16193,3250.9,133.3861541748047,12.021281242370605,2.7248642444610596,0.06560077518224716,1.8226670026779175,0.003996517509222031,0.9244908690452576,-0.710557222366333,0.9669237732887268,26.317447662353516,2.7501981258392334,0.11512259393930435,4.759085178375244,3.8011319637298584,0.17349708080291748
joint_ac,82730,16390,16340,3281.1,133.5576171875,12.073989868164062,2.479029893875122,0.064885713160038,1.7701865434646606,0.0038776227738708258,0.9282298684120178,-0.5433470010757446,0.9773511290550232,17.83241081237793,2.4190075397491455,0.3124241232872009,4.750621318817139,3.752985715866089,0.08085034042596817
joint_ac,83425,16529,16479,3311.2,133.90219116210938,12.030810356140137,3.113663911819458,0.06642260402441025,1.792046308517456,0.004729388747364283,0.923125684261322,-0.6288723945617676,0.9647846221923828,17.61613655090332,3.8606419563293457,0.10425771027803421,4.750627040863037,3.8713297843933105,0.09475721418857574
joint_ac,84150,16674,16624,3341.3,134.19619750976562,12.046956062316895,3.0111985206604004,0.09940027445554733,1.9018734693527222,0.004394005984067917,0.9268463850021362,-0.6484856009483337,0.9574854373931885,22.15007972717285,2.030733823776245,0.24067702889442444,4.829976558685303,3.88419246673584,0.06884072721004486
joint_ac,84875,16819,16769,3371.4,134.95281982421875,12.049717903137207,3.24360990524292,0.12360608577728271,2.4165215492248535,0.0063191731460392475,0.9261510372161865,-0.43972286581993103,0.9768412709236145,30.910669326782227,4.399974346160889,0.12978531420230865,4.842649459838867,3.8292675018310547,0.07340721786022186
joint_ac,85585,16961,16911,3401.5,134.27134704589844,12.086615562438965,3.10618257522583,0.06495136767625809,1.685484528541565,0.008960057981312275,0.9242796897888184,-0.7072179913520813,0.9812735319137573,23.078216552734375,4.610095977783203,0.21221931278705597,4.791696071624756,3.7568767070770264,0.09847747534513474
joint_ac,86275,17099,17049,3431.5,133.76722717285156,12.01966381072998,2.8672561645507812,0.08951055258512497,2.095667600631714,0.008476689457893372,0.9276543855667114,-0.8059030175209045,0.9728357791900635,31.41762351989746,4.883075714111328,0.16544796526432037,4.7613749504089355,3.7567901611328125,0.11966532468795776
joint_ac,86991,17242,17192,3461.5,133.7045440673828,12.075738906860352,2.7828214168548584,0.06775821000337601,1.5544253587722778,-0.002718791365623474,0.9251920580863953,-0.6935135722160339,0.9783880710601807,23.340152740478516,1.9752286672592163,0.13630308210849762,4.787097454071045,3.7550549507141113,0.08832608163356781
joint_ac,87695,17383,17333,3491.6,135.0487518310547,12.129977226257324,3.203202486038208,0.08425202965736389,1.7965701818466187,0.0021025745663791895,0.9276400208473206,-0.7269154787063599,0.9783794283866882,30.445838928222656,6.530580043792725,0.4137980043888092,4.761569023132324,3.9033873081207275,0.11338044703006744
joint_ac,88405,17525,17475,3521.7,133.10714721679688,12.02666187286377,2.1277120113372803,0.1060589924454689,1.9566692113876343,0.0003553155402187258,0.9268332123756409,-0.35920441150665283,0.9748155474662781,22.967504501342773,4.114266395568848,0.12143321335315704,4.756830215454102,3.893267869949341,0.15219619870185852
joint_ac,89110,17666,17616,3551.8,133.50909423828125,12.016326904296875,3.2648866176605225,0.08672566711902618,1.476427674293518,0.000932533061131835,0.923640787601471,-0.5718050003051758,0.9706976413726807,25.307188034057617,3.9116108417510986,0.19147077202796936,4.730591773986816,3.787186861038208,0.06107139214873314
joint_ac,89790,17802,17752,3581.9,133.53823852539062,12.033398628234863,2.950417995452881,0.06735755503177643,1.6786329746246338,0.00196248572319746,0.9287398457527161,-0.7386261224746704,0.9829640984535217,18.28838539123535,7.99722146987915,0.44214728474617004,4.775860786437988,3.7319767475128174,0.0772743746638298
joint_ac,90480,17940,17890,3612.0,134.11990356445312,12.028170585632324,3.5271270275115967,0.06432534009218216,1.707351565361023,0.005394101608544588,0.9238747954368591,-0.6119475960731506,0.9815760254859924,29.341014862060547,4.490870952606201,0.22217556834220886,4.7540106773376465,3.7853846549987793,0.1283193677663803
joint_ac,91220,18088,18038,3642.1,134.4547882080078,12.095693588256836,2.7197117805480957,0.08042086660861969,2.0865488052368164,-0.0019370608497411013,0.9349784851074219,-0.31763947010040283,0.975409209728241,30.580524444580078,2.8996646404266357,0.4731028974056244,4.76713752746582,3.8440258502960205,0.07490450143814087
joint_ac,91910,18226,18176,3672.2,133.13226318359375,12.012775421142578,2.683194875717163,0.08247740566730499,1.6996806859970093,0.001028367318212986,0.921898603439331,-0.5871492028236389,0.9762868285179138,19.630260467529297,2.6418964862823486,0.11386831104755402,4.744304180145264,3.794861078262329,0.06771097332239151
joint_ac,92620,18368,18318,3702.2,133.66249084472656,12.047942161560059,2.965642213821411,0.08811330050230026,1.5505253076553345,0.0050253183580935,0.9217481017112732,-0.7064265012741089,0.9891253113746643,22.15366554260254,5.5384602546691895,0.05451861396431923,4.7685418128967285,3.810253620147705,0.12549805641174316
joint_ac,93310,18506,18456,3732.3,133.945556640625,12.058838844299316,2.7307395935058594,0.08016061037778854,2.052819013595581,0.004961409140378237,0.9324160814285278,-0.4866591989994049,0.97758549451828,25.950912475585938,7.869528293609619,0.23820048570632935,4.755009651184082,3.738424301147461,0.11385546624660492
joint_ac,94015,18647,18597,3762.4,133.94505310058594,12.042874336242676,3.121352434158325,0.08627881854772568,1.8289979696273804,0.0008534296066500247,0.9317211508750916,-0.4857043921947479,0.9732534289360046,25.46602439880371,1.9000720977783203,0.20239822566509247,4.748244762420654,3.7314348220825195,0.07215242087841034
joint_ac,94715,18787,18737,3792.5,132.94947814941406,12.012619972229004,2.8988945484161377,0.05782357230782509,1.3983526229858398,-0.0016035150038078427,0.9247691035270691,-0.6393609046936035,0.9801755547523499,19.781578063964844,3.726438283920288,0.14474134147167206,4.732548236846924,3.735671043395996,0.06561364978551865
joint_ac,95425,18929,18879,3822.6,133.4658203125,12.02199935913086,2.8271307945251465,0.11414679139852524,1.7697045803070068,-0.00029681125306524336,0.937578558921814,-0.3853655159473419,0.9746204018592834,25.378746032714844,3.0701751708984375,0.4678015410900116,4.739915370941162,3.794940233230591,0.08444773405790329
joint_ac,96070,19058,19008,3852.7,132.9476776123047,11.991361618041992,2.7905185222625732,0.06097176671028137,1.5126312971115112,-0.0032840699423104525,0.9206690192222595,-0.7591315507888794,0.9789426326751709,19.805068969726562,3.6927530765533447,0.06536167114973068,4.764678001403809,3.9052703380584717,0.1595323383808136
joint_ac,96735,19191,19141,3882.9,132.99241638183594,12.039934158325195,2.4203224182128906,0.0915096327662468,1.5268218517303467,0.010858717374503613,0.9373159408569336,-0.20332635939121246,0.9588428139686584,17.740779876708984,4.247476577758789,0.23862649500370026,4.7206501960754395,3.8337912559509277,0.0643811821937561
joint_ac,97400,19324,19274,3913.0,134.69949340820312,12.094100952148438,3.039231061935425,0.09488935768604279,2.0568835735321045,0.0035138288512825966,0.9300917387008667,-0.40615084767341614,0.9772698879241943,23.81998062133789,4.160757541656494,0.12888957560062408,4.723394393920898,3.844086170196533,0.07168042659759521
joint_ac,98095,19463,19413,3943.2,133.05564880371094,12.047981262207031,2.4919114112854004,0.06244819611310959,1.5459002256393433,-0.0009337287046946585,0.936410129070282,-0.6334289312362671,0.969720184803009,14.999330520629883,2.4718358516693115,0.4631316661834717,4.7274065017700195,3.7481703758239746,0.1492421180009842
joint_ac,98805,19605,19555,3973.4,134.11041259765625,12.069784164428711,2.971905469894409,0.07232355326414108,1.7523349523544312,0.0005021675024181604,0.9260274767875671,-0.5607436895370483,0.9737920165061951,32.960697174072266,3.6745340824127197,0.12549594044685364,4.779895782470703,3.8361117839813232,0.12592566013336182
joint_ac,99510,19746,19696,4003.5,133.90896606445312,12.054474830627441,3.2965450286865234,0.06622837483882904,1.5172570943832397,-0.0003777643432840705,0.9300971031188965,-0.5906285047531128,0.9733178019523621,18.189189910888672,5.160628795623779,0.20775206387043,4.7191362380981445,3.765056848526001,0.11295867711305618
joint_ac,100225,19889,19839,4033.7,134.30718994140625,12.045980453491211,3.3369803428649902,0.09649019688367844,1.9325345754623413,-0.0005012646433897316,0.9270517230033875,-0.668306827545166,0.984341561794281,20.424814224243164,5.565138816833496,0.21095667779445648,4.739144325256348,3.7422475814819336,0.07963740825653076
joint_ac,100975,20039,19989,4063.8,134.01304626464844,12.05481243133545,2.9596974849700928,0.0801343023777008,1.9092973470687866,-0.002355400240048766,0.9271283149719238,-0.5931122899055481,0.9729451537132263,22.51858901977539,3.8416104316711426,0.21439193189144135,4.764589786529541,3.751194715499878,0.05778072029352188
joint_ac,101695,20183,20133,4093.8,133.40834045410156,12.024869918823242,3.034323215484619,0.09444224089384079,1.4942009449005127,0.0011180997826159,0.9216247797012329,-0.6159597039222717,0.9836940765380859,18.040512084960938,4.605461120605469,0.12868981063365936,4.7159953117370605,3.820680856704712,0.049008455127477646
joint_ac,102405,20325,20275,4123.8,132.8596954345703,12.013442993164062,2.5708255767822266,0.07552963495254517,1.5819807052612305,-0.00292798294685781,0.9270219802856445,-0.6242254376411438,0.9790041446685791,17.13235092163086,3.974836587905884,0.1809537410736084,4.739563941955566,3.757368803024292,0.14142097532749176
joint_ac,103135,20471,20421,4154.0,136.40155029296875,12.14444637298584,3.763274669647217,0.08911343663930893,2.3741345405578613,-0.003901480231434107,0.9233870506286621,-0.6955005526542664,0.9615195989608765,41.32740020751953,2.119166851043701,0.1537090390920639,4.914322853088379,3.816251516342163,0.05949733033776283
joint_ac,103845,20613,20563,4184.1,133.28529357910156,12.051919937133789,2.5867552757263184,0.0722220316529274,1.5634359121322632,-0.004357021767646074,0.9287543892860413,-0.5146454572677612,0.9743478894233704,21.98460578918457,3.0963571071624756,0.36280906200408936,4.792102336883545,3.7515945434570312,0.05598657950758934
joint_ac,104555,20755,20705,4214.3,133.6894989013672,12.015398025512695,3.2747578620910645,0.09456335753202438,1.662081241607666,0.0030207240488380194,0.9319894313812256,-0.2968735992908478,0.9344273805618286,38.65724563598633,3.6785085201263428,0.15781556069850922,4.6903977394104,3.8137147426605225,0.07911533117294312
joint_ac,105270,20898,20848,4244.4,133.31068420410156,12.037752151489258,2.852559804916382,0.0673215389251709,1.5145726203918457,-0.0031829201616346836,0.9243570566177368,-0.6528109312057495,0.9677950739860535,22.859495162963867,3.00268816947937,0.2525908648967743,4.760333061218262,3.7383811473846436,0.06645561009645462
joint_ac,105975,21039,20989,4274.4,134.197998046875,12.035972595214844,2.803971529006958,0.07367908209562302,2.315951347351074,-0.0016653654165565968,0.93217533826828,-0.6387965679168701,0.9616785645484924,30.478836059570312,7.137945175170898,0.4436682164669037,4.824924945831299,3.819725751876831,0.17757795751094818
joint_ac,106660,21176,21126,4304.5,133.85861206054688,12.046387672424316,2.9626340866088867,0.0732724741101265,1.7960628271102905,0.003636192064732313,0.9235028028488159,-0.6285730004310608,0.9729313254356384,21.62632942199707,2.604003429412842,0.0816134586930275,4.7415032386779785,3.8212876319885254,0.15064552426338196
joint_ac,107340,21312,21262,4334.5,132.85044860839844,11.998679161071777,2.802168846130371,0.0622735321521759,1.5261456966400146,-0.0037366063334047794,0.9244563579559326,-0.7041857838630676,0.957998514175415,18.789642333984375,4.390964984893799,0.20194567739963531,4.7540812492370605,3.718991756439209,0.11589061468839645
joint_ac,108040,21452,21402,4364.7,133.57142639160156,12.043988227844238,2.7177863121032715,0.07950357347726822,1.707798957824707,-0.0018735347548499703,0.9230329394340515,-0.6584964990615845,0.9574560523033142,23.043149948120117,3.6472885608673096,0.18660593032836914,4.719672203063965,3.9067819118499756,0.09334573149681091
joint_ac,108750,21594,21544,4394.7,133.69183349609375,12.070253372192383,2.288830518722534,0.08071532845497131,2.00150203704834,0.001639304799027741,0.961743175983429,-0.3240912854671478,0.9611762166023254,22.82643699645996,1.8878675699234009,0.5160790085792542,4.740228176116943,3.8780300617218018,0.09134689718484879
joint_ac,109490,21742,21692,4424.9,133.41665649414062,12.036505699157715,2.9448349475860596,0.07952738553285599,1.4775853157043457,-0.0035701075103133917,0.9301151633262634,-0.6101001501083374,0.970312237739563,18.837562561035156,5.01517391204834,0.1755565106868744,4.739826202392578,3.8098220825195312,0.12845246493816376
joint_ac,110225,21889,21839,4455.0,134.3744354248047,12.057971954345703,3.1100168228149414,0.08832556754350662,1.9142624139785767,-0.0034009574446827173,0.9241604804992676,-0.6186584234237671,0.9730655550956726,27.488744735717773,3.7047431468963623,0.3920532464981079,4.80979585647583,3.872307777404785,0.1366472989320755
joint_ac,110930,22030,21980,4485.0,133.50611877441406,12.050171852111816,2.908466100692749,0.060485225170850754,1.5516389608383179,-0.00272692134603858,0.9217634797096252,-0.7092363834381104,0.9746667146682739,21.307693481445312,2.5213730335235596,0.0723363533616066,4.749380111694336,3.7344281673431396,0.13197141885757446
joint_ac,111630,22170,22120,4515.2,133.6466522216797,12.079386711120605,3.0216727256774902,0.07535523176193237,1.266311526298523,-0.0009286667918786407,0.9202454090118408,-0.6148925423622131,0.9883763790130615,23.403364181518555,1.4416825771331787,0.12006064504384995,4.698936462402344,3.790518283843994,0.052072446793317795
joint_ac,112345,22313,22263,4545.3,134.18710327148438,12.07210636138916,2.791388988494873,0.09724560379981995,2.0093443393707275,-0.001889968290925026,0.9277216196060181,-0.6088078618049622,0.9727935791015625,20.701871871948242,4.4825639724731445,0.07325776666402817,4.756468296051025,3.8115904331207275,0.10114027559757233
joint_ac,113058,22455,22405,4575.3,134.3600616455078,12.072874069213867,3.1174089908599854,0.08228044211864471,1.8285186290740967,0.001148792915046215,0.9285241365432739,-0.7692652940750122,0.978829562664032,24.051311492919922,3.9374802112579346,0.29981014132499695,4.781865119934082,3.82123064994812,0.13436535000801086
joint_ac,113785,22601,22551,4605.5,133.9304656982422,12.057819366455078,3.0874831676483154,0.06411701440811157,1.6745550632476807,0.00016679329564794898,0.9213189482688904,-0.6760669350624084,0.969506561756134,23.952049255371094,4.603334903717041,0.15685677528381348,4.729561805725098,3.7965588569641113,0.05434234067797661
joint_ac,114505,22745,22695,4635.6,132.67550659179688,12.001364707946777,2.426496982574463,0.0783044621348381,1.6318566799163818,-0.004557755310088396,0.9228562116622925,-0.676135778427124,0.9756450653076172,22.513200759887695,5.206186294555664,0.3076300621032715,4.784360408782959,3.7408320903778076,0.0557437390089035
joint_ac,115220,22888,22838,4665.7,133.0755157470703,12.023394584655762,2.630345344543457,0.07343914359807968,1.6630209684371948,-0.00020214238611515611,0.921711266040802,-0.7073974609375,0.9748091101646423,17.829145431518555,1.9140459299087524,0.24598956108093262,4.703492641448975,3.7712740898132324,0.06304416805505753
joint_ac,115920,23028,22978,4695.8,133.01553344726562,12.031047821044922,2.566934823989868,0.06451299041509628,1.452138900756836,-0.0008945696754381061,0.9266501069068909,-0.5776787996292114,0.9621871113777161,22.209138870239258,5.084911823272705,0.4211614727973938,4.7467474937438965,3.874718189239502,0.12007232755422592
joint_ac,116635,23171,23121,4725.8,132.5949249267578,12.003515243530273,2.7507317066192627,0.08599277585744858,1.2799242734909058,-0.0005288108950480819,0.9243112206459045,-0.6987065076828003,0.9744643568992615,23.65024185180664,5.889032363891602,0.26723775267601013,4.6728620529174805,3.7702653408050537,0.15155382454395294
joint_ac,117325,23309,23259,4755.8,133.75047302246094,12.043312072753906,2.6811234951019287,0.08094404637813568,2.017326593399048,-0.0019631567411124706,0.9232035875320435,-0.6709736585617065,0.9818410277366638,37.640872955322266,4.840415000915527,0.18165244162082672,4.764564037322998,3.773395538330078,0.057405758649110794
joint_ac,118030,23450,23400,4785.9,133.99594116210938,12.041287422180176,3.2440643310546875,0.06580758094787598,1.7482563257217407,-0.004973993171006441,0.9409589767456055,-0.6817406415939331,0.9733594655990601,29.144207000732422,1.8576085567474365,0.5902383327484131,4.732303619384766,3.792628765106201,0.08920273184776306
joint_ac,118725,23589,23539,4816.0,133.8939208984375,11.991623878479004,3.340912103652954,0.09707356989383698,1.9487218856811523,-0.00326592568308115,0.9249964952468872,-0.6298956871032715,0.9720368981361389,39.83393096923828,2.3440542221069336,0.30766305327415466,4.7112812995910645,3.879700183868408,0.0963924303650856
joint_ac,119410,23726,23676,4846.0,133.7296600341797,12.05569076538086,2.892673969268799,0.07805786281824112,1.715212345123291,-0.004303831607103348,0.9215813875198364,-0.7258743643760681,0.9798486828804016,25.291833877563477,2.4984676837921143,0.06607810407876968,4.686821460723877,3.799978256225586,0.061623748391866684
joint_ac,120075,23859,23809,4876.1,133.3946533203125,12.000846862792969,3.150261878967285,0.08362528681755066,1.6674035787582397,0.002448222367092967,0.9297980070114136,-0.5892000198364258,0.9664559960365295,22.50265121459961,4.908198356628418,0.24836844205856323,4.7124505043029785,3.772439956665039,0.04664513096213341
joint_ac,120770,23998,23948,4906.2,134.5735321044922,12.078812599182129,3.00907039642334,0.0649733915925026,2.1835052967071533,-0.0030947148334234953,0.9287549257278442,-0.7332220077514648,0.9695950150489807,23.616613388061523,5.109185218811035,0.31159016489982605,4.755187511444092,3.7726645469665527,0.10565166175365448
joint_ac,121450,24134,24084,4936.3,133.22967529296875,12.030951499938965,2.3415844440460205,0.07678025960922241,1.9999568462371826,-0.0027088886126875877,0.9221246838569641,-0.6924340128898621,0.9765856266021729,24.986234664916992,3.007255792617798,0.09750567376613617,4.710954189300537,3.7908895015716553,0.06460052728652954
joint_ac,122150,24274,24224,4966.4,135.0338134765625,12.086629867553711,3.0336687564849854,0.05994000285863876,2.398360252380371,-0.00492315087467432,0.9271792769432068,-0.5867036581039429,0.9691035151481628,27.05641746520996,2.8824634552001953,0.16424567997455597,4.749602794647217,3.9259262084960938,0.06071762368083
joint_ac,122840,24412,24362,4996.6,133.97438049316406,12.023025512695312,3.2915613651275635,0.08062241226434708,1.905318021774292,0.0025439069140702486,0.9350024461746216,-0.5179312825202942,0.9659770131111145,30.76201629638672,5.591221809387207,0.165019690990448,4.731287002563477,3.7353415489196777,0.11390680074691772
joint_ac,123540,24552,24502,5026.6,133.16961669921875,12.012777328491211,2.889777898788452,0.062218450009822845,1.6632897853851318,-0.005670897196978331,0.9290034174919128,-0.6380882263183594,0.9777999520301819,22.069835662841797,2.8623039722442627,0.09224284440279007,4.710092544555664,3.7164828777313232,0.06392724812030792
joint_ac,124245,24693,24643,5056.6,133.1017608642578,12.027132034301758,2.475736379623413,0.06924863159656525,1.8354090452194214,-0.001540511497296393,0.9373910427093506,-0.4710012972354889,0.9740656614303589,19.858009338378906,2.596574544906616,0.27075743675231934,4.725414752960205,3.7246339321136475,0.04765094071626663
joint_ac,124945,24833,24783,5086.7,133.59115600585938,12.0505952835083,2.822896718978882,0.05788480117917061,1.7380160093307495,-0.008355102501809597,0.9251165390014648,-0.6042625904083252,0.9827478528022766,21.02509880065918,4.248898506164551,0.6311792135238647,4.716862201690674,3.7495474815368652,0.06153790280222893
joint_ac,125635,24971,24921,5116.9,133.625732421875,12.029953002929688,2.430863380432129,0.0654367133975029,2.272502899169922,0.0007264478481374681,0.9484500288963318,-0.40373435616493225,0.9549697041511536,19.941978454589844,3.222377061843872,0.25859060883522034,4.780524730682373,3.7768726348876953,0.05811293050646782
joint_ac,126315,25107,25057,5146.9,133.67636108398438,12.025599479675293,2.856752395629883,0.09618846327066422,1.8133416175842285,0.0009286820422858,0.9280068874359131,-0.595676064491272,0.9858834743499756,19.492399215698242,2.5273008346557617,0.3660305440425873,4.683744430541992,3.970341920852661,0.0621628500521183
joint_ac,127005,25245,25195,5177.1,133.2762451171875,12.01109504699707,2.5130488872528076,0.0869722068309784,2.0387990474700928,0.0004737504059448838,0.9401612877845764,-0.31207093596458435,0.9613955616950989,18.898645401000977,2.6971726417541504,0.45859816670417786,4.725010395050049,3.801466226577759,0.06783979386091232
joint_ac,127705,25385,25335,5207.1,133.13697814941406,11.995513916015625,2.871995449066162,0.0610835924744606,1.8035813570022583,-0.0026757526211440563,0.9237976670265198,-0.5833314061164856,0.9761971235275269,19.501392364501953,3.9259257316589355,0.05423861742019653,4.71792459487915,3.7272520065307617,0.12608641386032104
joint_ac,128410,25526,25476,5237.2,134.08319091796875,12.06496810913086,2.6779823303222656,0.13003958761692047,1.840089201927185,-0.0038274680264294147,0.9267280101776123,-0.7322180867195129,0.9858176112174988,28.344789505004883,2.9922938346862793,0.6719068884849548,4.712874889373779,4.072524547576904,0.06043754890561104
joint_ac,129100,25664,25614,5267.4,132.7714080810547,11.998154640197754,2.580319881439209,0.05891163647174835,1.64737069606781,-0.008192149922251701,0.9285210371017456,-0.7766618728637695,0.959286630153656,19.63339614868164,4.1772332191467285,0.2718926966190338,4.758228778839111,3.7450265884399414,0.08609108626842499
joint_ac,129810,25806,25756,5297.5,133.92266845703125,12.015486717224121,2.942706823348999,0.10572867840528488,2.2220375537872314,0.0010980598162859678,0.9445727467536926,-0.45398983359336853,0.9696745276451111,24.26772689819336,5.484675884246826,0.409171998500824,4.728890895843506,3.768437147140503,0.12169033288955688
joint_ac,130480,25940,25890,5327.7,133.9670867919922,12.02721118927002,3.3133087158203125,0.11490000784397125,1.7002363204956055,-0.0019802208989858627,0.9378049373626709,-0.7578213214874268,0.985834002494812,31.4102725982666,1.160094976425171,0.23337453603744507,4.704784393310547,3.8617563247680664,0.04633770510554314
joint_ac,131155,26075,26025,5357.8,133.0950164794922,11.993067741394043,2.422290802001953,0.10668029636144638,2.081587314605713,0.005008101463317871,0.924603283405304,-0.7114054560661316,0.990175187587738,22.405315399169922,4.289468765258789,0.27228444814682007,4.76244592666626,3.7913384437561035,0.12462031841278076
joint_ac,131835,26211,26161,5387.8,133.8885040283203,12.091752052307129,2.638709783554077,0.06339897215366364,1.760669469833374,-0.007557460572570562,0.9210150837898254,-0.667702317237854,0.9785889983177185,17.489337921142578,3.2259774208068848,0.11087038367986679,4.7015910148620605,3.8066205978393555,0.09951792657375336
joint_ac,132470,26338,26288,5417.9,133.3740997314453,12.020048141479492,2.615889549255371,0.09906122833490372,1.8677120208740234,-0.0013920845231041312,0.9219362735748291,-0.5545145273208618,0.9818490147590637,24.10590934753418,7.778292179107666,0.31182676553726196,4.748812675476074,3.8421432971954346,0.0796068012714386
joint_ac,133115,26467,26417,5448.0,133.81179809570312,12.025812149047852,2.84124493598938,0.09474796801805496,2.105226755142212,0.0043761711567640305,0.9434070587158203,-0.3225073218345642,0.9632170796394348,17.93436050415039,2.5454635620117188,0.706525981426239,4.724621295928955,3.7878153324127197,0.06137462705373764
joint_ac,133790,26602,26552,5478.0,132.40560913085938,11.985824584960938,2.4302501678466797,0.07125864923000336,1.6477106809616089,-0.0064729731529951096,0.920674204826355,-0.6786193251609802,0.986977756023407,22.072574615478516,1.3315314054489136,0.17131862044334412,4.693299770355225,3.704846143722534,0.08775464445352554
joint_ac,134430,26730,26680,5508.2,132.48204040527344,11.987655639648438,2.7512130737304688,0.06539246439933777,1.3791364431381226,-0.00642312690615654,0.9234274625778198,-0.6074071526527405,0.96828293800354,17.157106399536133,4.4220194816589355,0.1646057367324829,4.6965413093566895,3.713214635848999,0.09800847619771957
joint_ac,135080,26860,26810,5538.4,133.16299438476562,12.028992652893066,2.5703461170196533,0.06429320573806763,1.7782760858535767,-0.0009998873574659228,0.923610270023346,-0.5678610801696777,0.9785677790641785,20.9781551361084,3.2372262477874756,0.06649516522884369,4.718284606933594,3.7418744564056396,0.06404681503772736
joint_ac,135745,26993,26943,5568.5,133.80557250976562,12.03628921508789,2.683974266052246,0.08230187743902206,2.071312189102173,-0.003414483740925789,0.9245455861091614,-0.6342539191246033,0.9752296805381775,32.706417083740234,4.029718399047852,0.20053575932979584,4.778093338012695,3.8270187377929688,0.13874845206737518
joint_ac,136365,27117,27067,5598.6,133.7699737548828,12.031693458557129,3.0041608810424805,0.06488624215126038,1.7745698690414429,-0.002635864308103919,0.9260073304176331,-0.5794677734375,0.9525922536849976,29.238849639892578,2.4445900917053223,0.19496025145053864,4.7626800537109375,3.8467257022857666,0.11473355442285538
joint_ac,137295,27303,27253,5628.7,132.89382934570312,11.99177074432373,2.7348601818084717,0.08309434354305267,1.7076137065887451,-0.0005315213347785175,0.9282597899436951,-0.6293917894363403,0.9619072079658508,19.85811996459961,1.7860594987869263,0.2618163228034973,4.725322723388672,3.7252285480499268,0.04678446426987648
