phase,env_steps,model_updates,ac_updates,elapsed_seconds,model_loss,vector_nll,reward_nll,discount_bce,kl,actor_loss,critic_loss,imagined_return,imagined_discount,model_gradient_norm,actor_gradient_norm,critic_gradient_norm,delta_nll,edge_nll
joint_ac,1480,140,90,30.2,166.531982421875,14.888733863830566,3.470442771911621,0.10753564536571503,0.08264252543449402,-0.03377411514520645,0.9686601161956787,0.2230265587568283,0.9630573987960815,402298.9375,0.08240663260221481,0.4352404475212097,7.712173938751221,6.27185583114624
joint_ac,2600,364,314,60.2,147.5633544921875,12.641136169433594,4.254401206970215,0.11202453821897507,5.331394195556641,-0.0456811860203743,0.9235199689865112,-0.07566457241773605,0.981410562992096,291.7596435546875,0.048530083149671555,0.3265531659126282,7.164597034454346,4.289572238922119
joint_ac,3685,581,531,90.2,150.4687957763672,12.620318412780762,4.124796390533447,0.10633084177970886,7.080958366394043,0.0030523017048835754,0.9210370182991028,-0.23300835490226746,0.9799203276634216,107.79953002929688,0.015025260858237743,0.23002207279205322,8.06507396697998,4.8884429931640625
joint_ac,4795,803,753,120.3,146.66615295410156,12.484047889709473,3.8134758472442627,0.09107127040624619,5.853018760681152,0.015377204865217209,0.9206764698028564,-0.37263423204421997,0.9576618075370789,57.0911979675293,0.02181880734860897,0.198441281914711,7.889133453369141,4.178968906402588
joint_ac,5908,1025,975,150.3,149.04953002929688,12.821379661560059,3.664285659790039,0.09426514059305191,5.759148120880127,-0.0022464245557785034,0.9206718802452087,-0.4338736832141876,0.9819194078445435,64.90261840820312,0.033238135278224945,0.20705072581768036,6.6742448806762695,4.643796443939209
joint_ac,6995,1243,1193,180.4,143.69432067871094,12.375622749328613,3.511126756668091,0.09455489367246628,5.67008638381958,0.010926734656095505,0.9202704429626465,-0.4972415566444397,0.9861259460449219,54.24713134765625,0.02873346023261547,0.08488386869430542,6.340494155883789,4.321839809417725
joint_ac,8085,1461,1411,210.5,146.38514709472656,12.473125457763672,4.002723217010498,0.097560353577137,6.489367485046387,0.01076192781329155,0.9207718372344971,-0.6252425909042358,0.9876124262809753,59.648319244384766,0.013884847052395344,0.2789171040058136,6.918505668640137,4.145757675170898
joint_ac,9180,1680,1630,240.5,142.0841522216797,12.275604248046875,3.466651678085327,0.07438773661851883,5.036969184875488,0.0334712415933609,0.9206606149673462,-0.6651739478111267,0.9642621278762817,32.03567123413086,0.02199326455593109,0.04516326263546944,6.414168834686279,4.335934638977051
joint_ac,10280,1900,1850,270.5,143.04425048828125,12.427729606628418,3.677976131439209,0.12311317026615143,4.176203727722168,0.03462030738592148,0.9201793670654297,-0.609784722328186,0.975818932056427,53.44248962402344,0.026914093643426895,0.1237858310341835,6.313097953796387,4.476566314697266
joint_ac,11371,2118,2068,300.6,141.42074584960938,12.298331260681152,3.594369888305664,0.07869533449411392,4.518872261047363,0.037092745304107666,0.9200882315635681,-0.5910990834236145,0.9705362915992737,39.006282806396484,0.03603482246398926,0.17290079593658447,6.331952095031738,3.9135360717773438
joint_ac,12460,2336,2286,330.7,140.9190216064453,12.29810619354248,3.3808107376098633,0.093117356300354,3.8191840648651123,0.01282498985528946,0.9211105704307556,-0.6169106960296631,0.9582090377807617,47.14826202392578,0.042841728776693344,0.24096156656742096,6.528566360473633,4.116277694702148
joint_ac,13525,2549,2499,360.7,140.42034912109375,12.220993995666504,3.3525238037109375,0.10693530738353729,3.761898994445801,0.03977421298623085,0.9200239777565002,-0.6980196833610535,0.9798935055732727,45.15467834472656,0.04084014892578125,0.07797679305076599,6.377107620239258,4.611931324005127
joint_ac,14580,2760,2710,390.8,139.74610900878906,12.293831825256348,3.2323150634765625,0.07960578054189682,3.2956478595733643,0.041881415992975235,0.9199671149253845,-0.7027286291122437,0.9764532446861267,40.74927520751953,0.013870907947421074,0.10615622252225876,6.2932963371276855,3.90692400932312
joint_ac,15600,2964,2914,420.9,141.11654663085938,12.227632522583008,3.785621404647827,0.08825590461492538,3.9312684535980225,0.02630579099059105,0.9213988780975342,-0.7329573035240173,0.9626284241676331,40.599952697753906,0.0287568848580122,0.2015245109796524,6.874582290649414,4.160488605499268
joint_ac,16635,3171,3121,451.0,138.93971252441406,12.170012474060059,3.363595724105835,0.10058357566595078,2.9729604721069336,0.02436770126223564,0.9215071201324463,-0.6610481142997742,0.9776234030723572,32.38482666015625,0.025005174800753593,0.12234977632761002,6.4452619552612305,4.357175350189209
joint_ac,17665,3377,3327,481.1,140.37496948242188,12.294641494750977,3.646599054336548,0.0808810144662857,3.397864580154419,0.026813428848981857,0.9200029969215393,-0.7193440794944763,0.9846875667572021,40.68793869018555,0.018216842785477638,0.17057307064533234,6.456547737121582,3.846668243408203
joint_ac,18665,3577,3527,511.2,141.55055236816406,12.362475395202637,3.7958216667175293,0.07933679968118668,3.4376227855682373,0.028468355536460876,0.9229852557182312,-0.7678768038749695,0.9671273827552795,49.3179931640625,0.033383820205926895,0.22324106097221375,6.606236457824707,4.00677490234375
joint_ac,19670,3778,3728,541.3,139.72557067871094,12.21102523803711,3.4804999828338623,0.09315992891788483,3.643512487411499,0.01897289976477623,0.9214985370635986,-0.7768929600715637,0.963351845741272,62.74836730957031,0.028601618483662605,0.34906402230262756,6.379857540130615,4.0182976722717285
joint_ac,20615,3967,3917,571.4,137.97044372558594,12.097479820251465,3.5148205757141113,0.06600060313940048,3.070890188217163,-0.005340123549103737,0.921082079410553,-0.5492724776268005,0.9698256850242615,32.231998443603516,0.02720048651099205,0.3657962381839752,6.339739799499512,4.0041937828063965
joint_ac,21595,4163,4113,601.5,137.67413330078125,12.108835220336914,3.474017381668091,0.06377516686916351,3.0729129314422607,0.013561930507421494,0.9202043414115906,-0.6623913049697876,0.9731234312057495,20.481672286987305,0.020821789279580116,0.26594066619873047,6.1861252784729,3.7889678478240967
joint_ac,22585,4361,4311,631.6,139.89175415039062,12.283034324645996,3.267421245574951,0.06153041496872902,3.6490817070007324,0.009814884513616562,0.9198256134986877,-0.6078660488128662,0.9835628271102905,38.137535095214844,0.023016029968857765,0.2464456856250763,6.111154556274414,3.9722177982330322
joint_ac,23580,4560,4510,661.7,138.2276153564453,12.141972541809082,3.475118398666382,0.06226412206888199,3.119396209716797,0.027118850499391556,0.919948399066925,-0.7166901230812073,0.9747463464736938,20.663372039794922,0.023940525949001312,0.15121977031230927,6.315657138824463,3.8354601860046387
joint_ac,24540,4752,4702,691.8,140.26487731933594,12.156180381774902,3.4454331398010254,0.08513370156288147,4.109103679656982,0.03636206313967705,0.92100590467453,-0.7216176986694336,0.9673603773117065,30.289852142333984,0.025268835946917534,0.07693348079919815,6.739745140075684,4.3236541748046875
joint_ac,25380,4920,4870,721.9,139.0331268310547,12.122283935546875,3.789285898208618,0.07503333687782288,3.6871273517608643,0.04303528368473053,0.9203425049781799,-0.6757599115371704,0.9828259944915771,22.456560134887695,0.020451778545975685,0.13956104218959808,6.448939800262451,3.8098855018615723
joint_ac,26240,5092,5042,752.0,138.38047790527344,12.174774169921875,3.5271494388580322,0.06136094033718109,2.891702890396118,0.02937817946076393,0.9198098182678223,-0.6265115141868591,0.9725055694580078,23.80472755432129,0.015069379471242428,0.047161560505628586,6.275887966156006,3.8766262531280518
joint_ac,27165,5277,5227,782.0,139.38246154785156,12.168027877807617,3.339622735977173,0.06086082011461258,4.228336334228516,0.0021058470010757446,0.9208993315696716,-0.6320400238037109,0.9792467951774597,46.5066032409668,0.03657836839556694,0.3586026132106781,6.242002487182617,3.831342935562134
joint_ac,28080,5460,5410,812.1,138.03457641601562,12.14525032043457,3.478072166442871,0.06060435250401497,2.949805498123169,0.051581405103206635,0.9204312562942505,-0.6513615250587463,0.9708678126335144,24.44700813293457,0.022560175508260727,0.2742301821708679,6.128531455993652,3.965053081512451
joint_ac,29035,5651,5601,842.2,139.3074951171875,12.243675231933594,3.5197012424468994,0.07890713959932327,3.312478542327881,0.018869154155254364,0.9207620024681091,-0.68193519115448,0.9762412309646606,46.09456253051758,0.025426015257835388,0.19984932243824005,6.0920844078063965,3.867581844329834
joint_ac,29905,5825,5775,872.2,137.9141082763672,12.120102882385254,3.1836025714874268,0.07059993594884872,3.5095975399017334,0.031435176730155945,0.9202200770378113,-0.6003798842430115,0.9725390076637268,24.296428680419922,0.011912714689970016,0.08816652745008469,5.94096565246582,4.008304119110107
joint_ac,30750,5994,5944,902.3,137.7310028076172,12.093722343444824,3.4074394702911377,0.08196694403886795,3.144944667816162,-8.735060691833496e-05,0.9212543368339539,-0.5474029779434204,0.9585626125335693,19.539081573486328,0.021561430767178535,0.2723037302494049,6.064215183258057,4.095201015472412
joint_ac,31635,6171,6121,932.3,139.97454833984375,12.273957252502441,3.564934015274048,0.1011432409286499,2.8272602558135986,0.03459767624735832,0.919385552406311,-0.7101342678070068,0.9866018891334534,35.212242126464844,0.022517934441566467,0.03968724235892296,6.211766719818115,4.529873847961426
joint_ac,32505,6345,6295,962.5,137.5528106689453,12.110499382019043,3.702359676361084,0.09498273581266403,2.8244569301605225,0.038125090301036835,0.9201591610908508,-0.6346615552902222,0.9750319123268127,28.003570556640625,0.026246221736073494,0.12134283035993576,5.994000434875488,3.832005739212036
joint_ac,33400,6524,6474,992.6,137.7906951904297,12.149025917053223,3.435856580734253,0.06313320249319077,3.08933424949646,0.03281446173787117,0.9202079772949219,-0.7079071402549744,0.965076744556427,24.99966812133789,0.012929285876452923,0.08035936951637268,5.936549186706543,3.77557373046875
joint_ac,34270,6698,6648,1022.6,137.04849243164062,12.108216285705566,3.2494723796844482,0.061907872557640076,3.122626781463623,0.02282007411122322,0.9210888743400574,-0.7081794738769531,0.9770626425743103,22.696836471557617,0.033181849867105484,0.1655847579240799,5.723857879638672,3.8084716796875
joint_ac,35165,6877,6827,1052.7,138.038818359375,12.165932655334473,3.4884207248687744,0.0749836340546608,2.8829002380371094,0.02637796849012375,0.9198727607727051,-0.6840598583221436,0.9821394681930542,29.20794677734375,0.012180307880043983,0.1178729310631752,5.965105056762695,3.968080997467041
joint_ac,36055,7055,7005,1082.8,139.5323486328125,12.288161277770996,3.538174867630005,0.11136015504598618,3.050020694732666,0.05680117383599281,0.9197935461997986,-0.7406536936759949,0.9884570837020874,41.92181396484375,0.02767314948141575,0.22133751213550568,5.726515769958496,4.224675178527832
joint_ac,36925,7229,7179,1112.9,136.60134887695312,12.14963150024414,2.7326900959014893,0.07708136737346649,2.7453455924987793,0.03895450755953789,0.919915497303009,-0.6960880160331726,0.9743629693984985,33.006839752197266,0.027982672676444054,0.0683022141456604,5.74606466293335,3.8038411140441895
joint_ac,37855,7415,7365,1143.0,137.67018127441406,12.128290176391602,3.694782018661499,0.13140016794204712,2.7061820030212402,0.06019493564963341,0.9197602272033691,-0.7824474573135376,0.9846406579017639,24.910358428955078,0.0164980199187994,0.2066856324672699,5.71405553817749,4.140872955322266
joint_ac,38755,7595,7545,1173.1,137.52806091308594,12.174480438232422,3.442659378051758,0.08926238864660263,2.627385377883911,0.024830371141433716,0.9211917519569397,-0.7429071068763733,0.9721239805221558,31.170146942138672,0.040536798536777496,0.1965329796075821,5.735900402069092,3.8880391120910645
joint_ac,39650,7774,7724,1203.2,139.3928680419922,12.18061351776123,3.891850471496582,0.06294656544923782,4.13102388381958,0.018386267125606537,0.9213390350341797,-0.7709218263626099,0.9645470976829529,27.219959259033203,0.024608435109257698,0.30329203605651855,5.754087924957275,3.7468152046203613
joint_ac,40550,7954,7904,1233.3,136.70220947265625,12.102587699890137,3.1146621704101562,0.10552363842725754,2.714298963546753,0.037203557789325714,0.9237870573997498,-0.8100529909133911,0.9703811407089233,18.353866577148438,0.019476285204291344,0.15734010934829712,5.862788677215576,3.879061460494995
joint_ac,41450,8134,8084,1263.4,137.43453979492188,12.06281566619873,3.9320669174194336,0.10865959525108337,2.8450074195861816,0.07107501477003098,0.9244669079780579,-0.6311787962913513,0.9449961185455322,22.527822494506836,0.059960655868053436,0.48193132877349854,6.045002460479736,3.8756487369537354
joint_ac,42345,8313,8263,1293.5,138.22756958007812,12.217867851257324,3.400088310241699,0.09209615737199783,2.6556882858276367,0.040306057780981064,0.9198187589645386,-0.7023484706878662,0.9801645874977112,27.14682960510254,0.04041531682014465,0.041674867272377014,5.723965167999268,4.177042007446289
joint_ac,43265,8497,8447,1323.5,138.61541748046875,12.127653121948242,3.792445659637451,0.10565519332885742,3.457681179046631,0.04114449769258499,0.9237085580825806,-0.6191437840461731,0.951224684715271,30.83891487121582,0.02893785759806633,0.26174023747444153,5.91131067276001,4.071786880493164
joint_ac,44160,8676,8626,1353.7,137.11717224121094,12.092984199523926,3.274625301361084,0.08925828337669373,3.3231775760650635,0.015253525227308273,0.9207960963249207,-0.7092984318733215,0.9768713712692261,23.90532112121582,0.022220123559236526,0.24056312441825867,5.703766822814941,3.796497344970703
joint_ac,45030,8850,8800,1383.7,139.34878540039062,12.306649208068848,3.6176085472106934,0.07487758994102478,3.025390863418579,0.017054572701454163,0.9210964441299438,-0.7068411707878113,0.9871958494186401,31.704172134399414,0.028401270508766174,0.2177066206932068,5.641544342041016,3.922863245010376
joint_ac,45905,9025,8975,1413.7,138.0665283203125,12.124935150146484,3.1618878841400146,0.09670805931091309,3.6631929874420166,0.025954682379961014,0.9199380874633789,-0.7301446199417114,0.9868901371955872,51.38174819946289,0.017302466556429863,0.14970871806144714,5.827813625335693,4.06758451461792
joint_ac,46810,9206,9156,1443.8,137.57064819335938,12.089703559875488,3.696810007095337,0.07305894047021866,3.268928050994873,0.09763434529304504,0.9256270527839661,-0.6674753427505493,0.9679120182991028,33.23970413208008,0.0407293364405632,0.6956498622894287,5.739999771118164,3.8948285579681396
joint_ac,47685,9381,9331,1473.9,136.1111602783203,12.050263404846191,3.300035238265991,0.1048499047756195,2.6560311317443848,0.0044755712151527405,0.9213098883628845,-0.6115741729736328,0.9664623141288757,20.63565444946289,0.025785066187381744,0.25399908423423767,5.688103199005127,3.859506607055664
joint_ac,48535,9551,9501,1503.9,136.68553161621094,12.090051651000977,3.6095125675201416,0.09549909830093384,2.758451461791992,0.03337521478533745,0.919590175151825,-0.724152147769928,0.9904013276100159,33.99229049682617,0.01609886810183525,0.06382995843887329,5.53325080871582,3.7883055210113525
joint_ac,49385,9721,9671,1534.0,135.99203491210938,12.066238403320312,3.409827947616577,0.06294140964746475,2.4797616004943848,0.04424532502889633,0.9225582480430603,-0.7193923592567444,0.9750281572341919,33.98354721069336,0.053693465888500214,0.09259052574634552,5.607780933380127,3.769345998764038
joint_ac,50225,9889,9839,1564.0,138.0816192626953,12.28940486907959,3.4168589115142822,0.06457869708538055,2.237516164779663,0.040269047021865845,0.9207829833030701,-0.7282939553260803,0.9734309911727905,24.122583389282227,0.04397471621632576,0.05487917363643646,5.6573991775512695,3.8112118244171143
joint_ac,51065,10057,10007,1594.0,135.6837921142578,12.077828407287598,3.348816394805908,0.08678238093852997,2.1108553409576416,0.03498813882470131,0.9217745661735535,-0.7019236087799072,0.969137966632843,30.643980026245117,0.11775033921003342,0.047093942761421204,5.575523376464844,3.7835283279418945
joint_ac,51910,10226,10176,1624.0,136.20513916015625,12.049179077148438,2.948101758956909,0.06789299845695496,3.010340929031372,0.06371648609638214,0.9215365648269653,-0.6316673755645752,0.970562756061554,48.702816009521484,0.035525593906641006,0.35832908749580383,5.3830246925354,4.3039774894714355
joint_ac,52760,10396,10346,1654.2,134.60006713867188,12.047369956970215,2.824582099914551,0.09505137801170349,2.097576856613159,0.03593825548887253,0.9223065972328186,-0.694452702999115,0.9843341708183289,33.24713897705078,0.03531819209456444,0.06147647276520729,5.209957122802734,3.8991949558258057
joint_ac,53590,10562,10512,1684.2,135.72328186035156,12.104941368103027,3.6133859157562256,0.061864543706178665,1.897040605545044,0.037507444620132446,0.9208363890647888,-0.5724340081214905,0.9747874140739441,34.34823226928711,0.045998964458703995,0.12959712743759155,5.240235805511475,3.861327886581421
joint_ac,54425,10729,10679,1714.4,135.81857299804688,12.082828521728516,2.9333112239837646,0.08062411844730377,2.6669023036956787,0.06119636073708534,0.9227416515350342,-0.6717371940612793,0.9764519929885864,27.76654052734375,0.06459855288267136,0.25816333293914795,5.048136234283447,4.261317729949951
joint_ac,55280,10900,10850,1744.5,134.8463134765625,12.03390121459961,3.2331228256225586,0.08235244452953339,2.043896198272705,0.04029277712106705,0.922417938709259,-0.6010628342628479,0.9785359501838684,25.538644790649414,0.034669943153858185,0.18691720068454742,5.253138065338135,3.8947837352752686
joint_ac,56165,11077,11027,1774.6,136.8282012939453,12.114609718322754,3.3902413845062256,0.12858083844184875,2.193394422531128,0.057037778198719025,0.9231941103935242,-0.5828782916069031,0.9265792369842529,32.31516647338867,0.06233678385615349,0.3002980053424835,5.504968166351318,4.464931488037109
joint_ac,57005,11245,11195,1804.7,134.3321990966797,12.076359748840332,2.8595757484436035,0.07440353184938431,1.750267744064331,0.018570173531770706,0.9289665222167969,-0.7345358729362488,0.9680362939834595,32.40514373779297,0.10646337270736694,0.2637310028076172,5.01900577545166,3.8653600215911865
joint_ac,57850,11414,11364,1834.7,136.9803466796875,12.09852409362793,3.6758365631103516,0.07818035036325455,2.9414916038513184,0.050465088337659836,0.9204767942428589,-0.6853533983230591,0.9851304888725281,37.20164489746094,0.03339776396751404,0.1724182665348053,5.21876335144043,4.080820083618164
joint_ac,58705,11585,11535,1864.9,135.17361450195312,12.067675590515137,3.0936214923858643,0.07252427935600281,2.4512901306152344,-0.01260560005903244,0.9225778579711914,-0.7002174854278564,0.9840123653411865,27.21640968322754,0.02463872730731964,0.5312509536743164,5.071529388427734,3.8078722953796387
joint_ac,59545,11753,11703,1895.0,135.2462158203125,12.028429985046387,3.4676566123962402,0.1173132061958313,2.2643063068389893,0.04844258725643158,0.9241600632667542,-0.757738471031189,0.9798716306686401,32.48844528198242,0.03612592816352844,0.0905006155371666,5.255278587341309,3.857358694076538
joint_ac,60465,11937,11887,1925.2,135.99668884277344,12.067058563232422,3.530627965927124,0.08441244065761566,2.4613325595855713,0.009561847895383835,0.9239944219589233,-0.6698881983757019,0.9530715942382812,37.69368362426758,0.0638146623969078,0.2425774335861206,5.237601280212402,4.012126445770264
joint_ac,61350,12114,12064,1955.3,136.3472137451172,12.146594047546387,3.4686033725738525,0.08952067047357559,2.218705415725708,0.029232002794742584,0.9221416711807251,-0.6041017174720764,0.9634730219841003,41.381805419921875,0.07716815173625946,0.08953484892845154,5.046038627624512,4.058411121368408
joint_ac,62240,12292,12242,1985.3,140.10935974121094,12.407600402832031,3.471309185028076,0.08234243839979172,3.3280792236328125,0.035934921354055405,0.9239185452461243,-0.67693692445755,0.9750949144363403,44.7152099609375,0.04773316532373428,0.0966295450925827,5.035329818725586,4.116282939910889
joint_ac,63120,12468,12418,2015.3,134.73065185546875,12.064099311828613,3.1967523097991943,0.07704748958349228,2.0646872520446777,0.03175550699234009,0.9200075268745422,-0.7456298470497131,0.9879359006881714,21.702959060668945,0.0461321584880352,0.10660582780838013,4.977146148681641,3.774029016494751
joint_ac,64010,12646,12596,2045.5,135.82481384277344,12.11237907409668,3.2844293117523193,0.07706504315137863,2.383005380630493,0.014983080327510834,0.9219986796379089,-0.7071734070777893,0.9714085459709167,29.67467498779297,0.053230561316013336,0.23163282871246338,5.0504350662231445,3.90608286857605
joint_ac,64860,12816,12766,2075.6,135.93765258789062,12.084375381469727,3.11612868309021,0.08855404704809189,2.731910467147827,0.0381094291806221,0.9212022423744202,-0.754663348197937,0.9640403389930725,61.32843017578125,0.12576676905155182,0.05296805128455162,5.324160575866699,3.833134174346924
joint_ac,65700,12984,12934,2105.6,134.96347045898438,12.069101333618164,3.0454535484313965,0.0852993056178093,2.1570980548858643,0.05974305421113968,0.9293934106826782,-0.6215529441833496,0.9247618317604065,25.757801055908203,0.19085818529129028,0.34959954023361206,5.047680377960205,3.9369192123413086
joint_ac,66545,13153,13103,2135.7,135.39706420898438,12.064061164855957,3.174363374710083,0.09147212654352188,2.5794215202331543,0.034005023539066315,0.9261695146560669,-0.6111711859703064,0.9708610773086548,21.73439598083496,0.07899540662765503,0.10915260761976242,4.975566387176514,3.935640335083008
joint_ac,67400,13324,13274,2165.7,135.542724609375,12.09046745300293,2.900587558746338,0.09257809817790985,2.3429179191589355,0.018135827034711838,0.9304613471031189,-0.483097642660141,0.9111797213554382,26.217065811157227,0.08552755415439606,0.32805636525154114,5.00615119934082,4.2958245277404785
joint_ac,68225,13489,13439,2195.7,135.2672576904297,12.12214183807373,3.0694711208343506,0.1263749897480011,1.8572369813919067,0.020920775830745697,0.9201464653015137,-0.5376209616661072,0.9797161817550659,24.950044631958008,0.025127068161964417,0.05509790778160095,4.921900749206543,4.070859432220459
joint_ac,69105,13665,13615,2225.7,135.4351043701172,12.131437301635742,3.393070697784424,0.08600343018770218,1.6099650859832764,0.023939840495586395,0.9199999570846558,-0.5582316517829895,0.9862626194953918,28.299123764038086,0.04217372089624405,0.030475975945591927,4.881961345672607,4.149728298187256
joint_ac,70005,13845,13795,2255.8,135.00247192382812,12.07917308807373,2.917210340499878,0.08544337749481201,2.3787717819213867,0.04183606803417206,0.920522153377533,-0.617381751537323,0.9866832494735718,37.766963958740234,0.03202271834015846,0.1268450915813446,4.981971263885498,3.847350597381592
joint_ac,70895,14023,13973,2286.0,134.9408416748047,12.056356430053711,3.2548463344573975,0.1082284227013588,2.06575608253479,0.027520015835762024,0.9201072454452515,-0.6172706484794617,0.9688206911087036,27.329315185546875,0.06881901621818542,0.04382656142115593,4.986714839935303,3.9617271423339844
joint_ac,71785,14201,14151,2316.0,134.65887451171875,12.044412612915039,2.8292417526245117,0.08768139779567719,2.4372565746307373,0.0304572731256485,0.9274868965148926,-0.45586317777633667,0.9508975148200989,35.06584167480469,0.11692465096712112,0.18377304077148438,4.990899562835693,3.869673728942871
joint_ac,72670,14378,14328,2346.1,135.24806213378906,12.063101768493652,3.3090875148773193,0.08626702427864075,2.4299123287200928,0.022853445261716843,0.9210655689239502,-0.6498122215270996,0.9621387720108032,22.39729118347168,0.047732915729284286,0.08167582005262375,4.900580406188965,3.8912110328674316
joint_ac,73525,14549,14499,2376.2,134.09231567382812,12.093814849853516,2.904294490814209,0.058331094682216644,1.5894148349761963,0.041845276951789856,0.9205435514450073,-0.5647971034049988,0.9806371927261353,23.024625778198242,0.05463295802474022,0.18822680413722992,4.82786750793457,3.7742533683776855
joint_ac,74360,14716,14666,2406.3,135.12290954589844,12.101765632629395,2.873216390609741,0.07226501405239105,2.392084836959839,-0.020682983100414276,0.9246399402618408,-0.5883076190948486,0.9337275624275208,26.57925033569336,0.057193972170352936,0.3803623914718628,4.900028705596924,3.867650270462036
joint_ac,75220,14888,14838,2436.3,134.1961669921875,12.077376365661621,2.7822208404541016,0.07475737482309341,1.8447893857955933,0.048835597932338715,0.9220133423805237,-0.5393701195716858,0.9734457731246948,23.061845779418945,0.021567124873399734,0.2609838843345642,4.965599060058594,3.7550220489501953
joint_ac,76070,15058,15008,2466.5,135.03933715820312,12.080192565917969,3.488657236099243,0.056856054812669754,1.9251526594161987,0.040108464658260345,0.9199397563934326,-0.5978698134422302,0.9746871590614319,27.466955184936523,0.03698877990245819,0.1353100836277008,4.875266075134277,3.891481876373291
joint_ac,76940,15232,15182,2496.6,134.50396728515625,12.059255599975586,2.648146152496338,0.06271511316299438,2.4175655841827393,0.012582872062921524,0.9209683537483215,-0.5423027873039246,0.9706775546073914,29.430423736572266,0.115365169942379,0.10492080450057983,4.868317127227783,3.914652109146118
joint_ac,77820,15408,15358,2526.7,134.41168212890625,12.067034721374512,3.2638328075408936,0.05712546408176422,1.781578779220581,0.020191702991724014,0.9225329160690308,-0.621993362903595,0.9735008478164673,32.899871826171875,0.0363042876124382,0.13412199914455414,4.897893905639648,3.740882396697998
joint_ac,78695,15583,15533,2556.8,138.0144500732422,12.319877624511719,3.191563129425049,0.07471176981925964,2.801241636276245,0.004921127110719681,0.9208903312683105,-0.5565112233161926,0.9711049199104309,26.670042037963867,0.05772051215171814,0.1573241949081421,4.8694868087768555,3.8786702156066895
joint_ac,79565,15757,15707,2587.0,133.0541534423828,12.001913070678711,2.8788247108459473,0.07032065093517303,1.4407249689102173,0.0022839829325675964,0.9204999208450317,-0.5371526479721069,0.9808892607688904,18.915802001953125,0.03429466113448143,0.18644677102565765,4.842285633087158,3.802865505218506
joint_ac,80438,15931,15881,2617.0,133.99061584472656,12.016885757446289,3.067434787750244,0.07990317046642303,2.0278754234313965,0.027431916445493698,0.9203150272369385,-0.5496050119400024,0.9650864005088806,20.51545524597168,0.05094853788614273,0.06550057977437973,4.826391220092773,3.820152521133423
joint_ac,81315,16107,16057,2647.1,139.27679443359375,12.577040672302246,3.1691415309906006,0.05789443850517273,1.7059688568115234,0.04051070287823677,0.9205952286720276,-0.5748953223228455,0.967041015625,36.584556579589844,0.053890496492385864,0.16743692755699158,4.869135856628418,3.7042489051818848
joint_ac,82175,16279,16229,2677.2,134.21142578125,12.061976432800293,2.7535455226898193,0.05718159303069115,2.0360639095306396,0.05431753396987915,0.9242212772369385,-0.5802263617515564,0.9761830568313599,19.86142349243164,0.032427411526441574,0.25030094385147095,4.811572074890137,3.9333088397979736
joint_ac,83040,16452,16402,2707.3,134.92913818359375,12.051822662353516,3.369614362716675,0.05682162195444107,2.463951826095581,0.03491772338747978,0.922349750995636,-0.6174519062042236,0.9760484099388123,25.380098342895508,0.056587304919958115,0.0879882201552391,4.796212673187256,3.7243027687072754
joint_ac,83895,16623,16573,2737.4,134.88323974609375,12.111473083496094,3.1971378326416016,0.08043169230222702,1.7771350145339966,0.019342835992574692,0.9212108850479126,-0.6542498469352722,0.9838758707046509,33.035316467285156,0.028405414894223213,0.12129071354866028,4.819803714752197,3.8940114974975586
joint_ac,84745,16793,16743,2767.5,135.57534790039062,12.043412208557129,3.5845799446105957,0.07180187851190567,2.8052873611450195,0.03445789963006973,0.919690728187561,-0.691881537437439,0.9785433411598206,40.67169952392578,0.02628364786505699,0.021150456741452217,4.8767547607421875,3.8028173446655273
joint_ac,85610,16966,16916,2797.6,137.10128784179688,12.345142364501953,3.037731170654297,0.07188836485147476,1.8817803859710693,0.038386594504117966,0.9234221577644348,-0.6865756511688232,0.9825181365013123,23.735300064086914,0.08629049360752106,0.08716971427202225,4.88676643371582,3.771702766418457
joint_ac,86480,17140,17090,2827.8,134.54798889160156,12.127245903015137,2.7319836616516113,0.06985747069120407,1.7992744445800781,0.0008281581103801727,0.9221957921981812,-0.5355618596076965,0.972332775592804,24.269954681396484,0.09584195166826248,0.1553938239812851,4.837080001831055,3.8373444080352783
joint_ac,87350,17314,17264,2857.9,134.73594665527344,12.081331253051758,2.7924256324768066,0.10874219238758087,2.02994966506958,0.04265696927905083,0.921561598777771,-0.5608212947845459,0.9759835600852966,32.12157440185547,0.07073231041431427,0.1862320899963379,4.969876289367676,4.0216450691223145
joint_ac,88225,17489,17439,2888.0,134.77044677734375,12.056944847106934,3.0734572410583496,0.08878237009048462,2.4606943130493164,0.0496513806283474,0.9203810691833496,-0.5427051782608032,0.9814509749412537,25.514610290527344,0.03578167036175728,0.238880455493927,4.848044395446777,3.7300124168395996
joint_ac,89085,17661,17611,2918.1,135.27671813964844,12.106575965881348,3.556342601776123,0.0878792256116867,1.8646286725997925,0.03933016210794449,0.9208531379699707,-0.5947238206863403,0.9780689477920532,40.52497100830078,0.03548596054315567,0.12619619071483612,4.818979740142822,3.883141040802002
joint_ac,89960,17836,17786,2948.2,134.53170776367188,12.06609058380127,3.02158784866333,0.09280677139759064,2.0043869018554688,0.04326111450791359,0.9280725121498108,-0.6666316390037537,0.9757567048072815,35.8934440612793,0.06943292915821075,0.1274995505809784,4.862059593200684,3.889955520629883
joint_ac,90850,18014,17964,2978.3,133.7572479248047,12.035369873046875,3.23500394821167,0.07877112925052643,1.5064175128936768,-0.030416447669267654,0.9320617318153381,-0.641682505607605,0.970422089099884,18.722604751586914,0.15974122285842896,0.5150439739227295,4.829837322235107,3.7535202503204346
joint_ac,91715,18187,18137,3008.4,134.4512481689453,12.088600158691406,3.1651227474212646,0.07794839143753052,1.662735104560852,0.06508490443229675,0.9275798797607422,-0.4564797878265381,0.976422131061554,28.132680892944336,0.06261201202869415,0.5007666945457458,4.806947708129883,3.8524973392486572
joint_ac,92590,18362,18312,3038.5,133.74903869628906,12.03690242767334,3.2582712173461914,0.08646558225154877,1.4497357606887817,0.02290613204240799,0.9198141098022461,-0.5644322633743286,0.9841290712356567,25.26984405517578,0.03609972447156906,0.01655910350382328,4.780771255493164,3.804774284362793
joint_ac,93465,18537,18487,3068.7,133.84544372558594,12.033304214477539,3.1687426567077637,0.06968358159065247,1.675065040588379,0.031307633966207504,0.9202712774276733,-0.6936265826225281,0.9789835810661316,26.395658493041992,0.0399666354060173,0.05251683294773102,4.790267467498779,3.8086421489715576
joint_ac,94300,18704,18654,3098.8,133.28775024414062,11.991353034973145,3.0403382778167725,0.07400210946798325,1.6772806644439697,0.036628175526857376,0.924385130405426,-0.6374865770339966,0.9641961455345154,22.768640518188477,0.04128524661064148,0.13861310482025146,4.8186821937561035,3.7639150619506836
joint_ac,95090,18862,18812,3128.9,134.6999969482422,12.136445045471191,2.869020462036133,0.08622321486473083,1.5399385690689087,0.017309948801994324,0.9213482141494751,-0.6082241535186768,0.9809934496879578,30.5054874420166,0.06807985156774521,0.11005154997110367,4.780972003936768,4.059408664703369
joint_ac,95885,19021,18971,3158.9,133.87701416015625,12.053947448730469,2.907506227493286,0.07014703750610352,1.6253026723861694,0.02535858005285263,0.9232802987098694,-0.5301981568336487,0.962070107460022,25.411710739135742,0.051828332245349884,0.22736264765262604,4.806055068969727,3.9285430908203125
joint_ac,96725,19189,19139,3189.0,133.9751434326172,12.043206214904785,3.067270517349243,0.07384932786226273,1.671247124671936,0.018606815487146378,0.9227057695388794,-0.7008236646652222,0.9860750436782837,25.45113182067871,0.1246834471821785,0.15756991505622864,4.8857808113098145,3.8449409008026123
joint_ac,97580,19360,19310,3219.2,133.25823974609375,12.040401458740234,2.8195574283599854,0.061043880879879,1.4021549224853516,0.054543785750865936,0.923175573348999,-0.6663874387741089,0.9676128625869751,19.11495590209961,0.07188472151756287,0.17062148451805115,4.768650054931641,3.8028244972229004
joint_ac,98435,19531,19481,3249.3,133.9900360107422,12.038926124572754,3.048983335494995,0.08702732622623444,1.6473995447158813,0.07084570825099945,0.9255132079124451,-0.6879299879074097,0.9683806300163269,21.413171768188477,0.13871818780899048,0.30556318163871765,4.839371681213379,3.978001117706299
joint_ac,99305,19705,19655,3279.3,133.40721130371094,12.042373657226562,2.936952829360962,0.06016979366540909,1.435420274734497,0.03303130343556404,0.9224892258644104,-0.6019322276115417,0.9824188351631165,19.493534088134766,0.03582033887505531,0.06635857373476028,4.7852067947387695,3.7657246589660645
joint_ac,100145,19873,19823,3309.4,133.65379333496094,12.03394889831543,3.067401885986328,0.08176582306623459,1.5928535461425781,0.031524404883384705,0.92160964012146,-0.6365920305252075,0.9573192596435547,18.225008010864258,0.048919424414634705,0.05780406668782234,4.777107238769531,3.795184373855591
joint_ac,100975,20039,19989,3339.5,134.48545837402344,12.062966346740723,3.3839902877807617,0.057027801871299744,1.7635570764541626,0.03522516414523125,0.9251134395599365,-0.5907352566719055,0.9788932800292969,35.71071243286133,0.04124517738819122,0.08834906667470932,4.8337273597717285,3.817504644393921
joint_ac,101830,20210,20160,3369.6,132.82012939453125,11.997482299804688,2.6704611778259277,0.07295423746109009,1.5525416135787964,0.030886895954608917,0.9227041006088257,-0.6633492708206177,0.9674819707870483,23.41988182067871,0.03774469718337059,0.0503813661634922,4.791384696960449,3.757983446121216
joint_ac,102685,20381,20331,3399.7,133.76914978027344,12.04749584197998,2.7448458671569824,0.056648895144462585,1.918721079826355,-0.004242744296789169,0.9264265298843384,-0.6215774416923523,0.9657605290412903,36.69649124145508,0.03334983065724373,0.28264108300209045,4.798912525177002,3.7750766277313232
joint_ac,103515,20547,20497,3429.8,134.1306915283203,12.107629776000977,2.8278963565826416,0.05646345764398575,1.6606398820877075,-0.0010553672909736633,0.9220446348190308,-0.5818535685539246,0.9737038016319275,33.65207290649414,0.03668837994337082,0.21865329146385193,4.787777900695801,3.721622943878174
joint_ac,104365,20717,20667,3459.8,134.0280303955078,12.07910442352295,3.125870943069458,0.059995368123054504,1.4517377614974976,0.013119988143444061,0.922305166721344,-0.6233058571815491,0.9401636719703674,23.014976501464844,0.05528433248400688,0.14889641106128693,4.780216693878174,3.8191564083099365
joint_ac,105205,20885,20835,3489.9,133.94467163085938,12.072781562805176,2.9987173080444336,0.09276410937309265,1.6045610904693604,-0.006657298654317856,0.9221404790878296,-0.6994008421897888,0.9870853424072266,44.44865798950195,0.021568361669778824,0.3659515678882599,4.76767635345459,3.7531399726867676
joint_ac,106050,21054,21004,3519.9,134.5695343017578,12.064197540283203,2.7557320594787598,0.10395489633083344,1.6827706098556519,-0.00037886202335357666,0.920264720916748,-0.5224388837814331,0.9840744733810425,21.730501174926758,0.05666607990860939,0.15403206646442413,4.821629524230957,4.5634636878967285
joint_ac,106900,21224,21174,3550.0,133.89356994628906,12.027348518371582,3.4861302375793457,0.07783527672290802,1.4209377765655518,0.031217284500598907,0.9244822263717651,-0.45907101035118103,0.9739822149276733,36.218807220458984,0.051851093769073486,0.26355138421058655,4.803372383117676,3.8318088054656982
joint_ac,107720,21388,21338,3580.1,132.73703002929688,11.979779243469238,2.965632677078247,0.06819676607847214,1.3542717695236206,0.04514021426439285,0.9228830337524414,-0.5739279389381409,0.9674542546272278,24.24021339416504,0.061986830085515976,0.18980640172958374,4.76577615737915,3.785348653793335
joint_ac,108525,21549,21499,3610.2,133.77670288085938,12.053841590881348,2.8527519702911377,0.059140291064977646,1.6429922580718994,0.011128492653369904,0.924418568611145,-0.7119094729423523,0.9597442746162415,33.362789154052734,0.08250751346349716,0.23895494639873505,4.791889190673828,3.891503095626831
joint_ac,109315,21707,21657,3640.3,133.41079711914062,12.004226684570312,3.0494425296783447,0.05604900047183037,1.6671961545944214,0.02655208110809326,0.9209902882575989,-0.7059773802757263,0.9820865988731384,24.478004455566406,0.03763073682785034,0.09598951786756516,4.796107292175293,3.7997493743896484
joint_ac,110155,21875,21825,3670.4,134.61256408691406,12.101908683776855,3.0124404430389404,0.08351735770702362,1.7310386896133423,0.05776052922010422,0.9255821108818054,-0.46720701456069946,0.8873184323310852,26.19049644470215,0.06276566535234451,0.39130693674087524,4.761653423309326,4.004839897155762
joint_ac,110970,22038,21988,3700.4,133.45518493652344,12.037894248962402,2.839930295944214,0.0938338190317154,1.4115750789642334,0.013580899685621262,0.9232799410820007,-0.6335521340370178,0.9821807742118835,17.86939239501953,0.060889214277267456,0.16134390234947205,4.822201728820801,3.908690929412842
joint_ac,111795,22203,22153,3730.5,134.69627380371094,12.153071403503418,3.17564058303833,0.05792001262307167,1.4368692636489868,0.009415674954652786,0.9270027279853821,-0.7448898553848267,0.9616376757621765,20.63077163696289,0.0835161879658699,0.24788372218608856,4.745234489440918,3.7499046325683594
joint_ac,112625,22369,22319,3760.6,132.8638458251953,12.044830322265625,2.523289442062378,0.056474462151527405,1.2999612092971802,-0.004982370883226395,0.9222716689109802,-0.6069086790084839,0.9612593054771423,23.06867790222168,0.08814336359500885,0.28099602460861206,4.762858867645264,3.7729647159576416
joint_ac,113455,22535,22485,3790.7,132.59182739257812,12.010263442993164,2.65468692779541,0.05565226450562477,1.285085678100586,0.02946644276380539,0.9230708479881287,-0.5417121052742004,0.9684222936630249,21.91650390625,0.05530069023370743,0.07167866826057434,4.74183464050293,3.751920461654663
joint_ac,114265,22697,22647,3820.9,135.669189453125,12.22056770324707,2.9054534435272217,0.09447982907295227,1.8210148811340332,-0.000964239239692688,0.9255648851394653,-0.6820071935653687,0.9816233515739441,49.75911331176758,0.0422583743929863,0.2768348157405853,4.7953782081604,3.847184896469116
joint_ac,115090,22862,22812,3850.9,134.00950622558594,12.0830078125,2.921621084213257,0.07558012753725052,1.5761696100234985,0.05137220770120621,0.9210948944091797,-0.6549060940742493,0.9803779721260071,44.68840789794922,0.06611955165863037,0.16875222325325012,4.759305000305176,3.846750020980835
joint_ac,115895,23023,22973,3881.1,133.0447540283203,12.015792846679688,2.712261199951172,0.08850318938493729,1.356134057044983,0.04758697748184204,0.9201230406761169,-0.7162759304046631,0.9800817966461182,18.126731872558594,0.023321984335780144,0.08119166642427444,4.726775169372559,4.003155708312988
joint_ac,116735,23191,23141,3911.2,132.96212768554688,12.024980545043945,2.414978504180908,0.056065287441015244,1.5334789752960205,0.04890280216932297,0.9226142168045044,-0.5648634433746338,0.9814989566802979,21.610918045043945,0.051443226635456085,0.19299641251564026,4.78400993347168,3.9237940311431885
joint_ac,117580,23360,23310,3941.3,132.87696838378906,12.02741527557373,2.590970039367676,0.05583098903298378,1.427863597869873,0.038034483790397644,0.9217153787612915,-0.5588253140449524,0.9797366857528687,20.742366790771484,0.05327626317739487,0.13039477169513702,4.712168216705322,3.8159878253936768
joint_ac,118445,23533,23483,3971.3,138.59458923339844,12.496359825134277,3.0773770809173584,0.05628228187561035,1.9286454916000366,0.06418532133102417,0.9255701303482056,-0.7104091048240662,0.9635269045829773,41.494632720947266,0.08393052220344543,0.21022145450115204,4.823267459869385,3.745410680770874
joint_ac,119280,23700,23650,4001.4,133.49032592773438,12.0934419631958,2.421863079071045,0.05592874437570572,1.5087488889694214,0.032256484031677246,0.9243550896644592,-0.6201837658882141,0.967691957950592,32.27159881591797,0.07646379619836807,0.07010282576084137,4.749492168426514,3.8198883533477783
joint_ac,120100,23864,23814,4031.4,134.27110290527344,12.085434913635254,3.2707903385162354,0.055945996195077896,1.3636685609817505,0.02707935869693756,0.9204025864601135,-0.6702644228935242,0.9661684632301331,22.08753204345703,0.05646353214979172,0.09757404774427414,4.722589492797852,4.0037455558776855
joint_ac,120905,24025,23975,4061.5,132.68153381347656,12.038198471069336,2.272573471069336,0.0558759942650795,1.3827388286590576,0.03834433853626251,0.9232252836227417,-0.6741436123847961,0.9697244167327881,18.904062271118164,0.05514269694685936,0.1047733947634697,4.727794647216797,3.8605666160583496
joint_ac,121735,24191,24141,4091.6,134.62486267089844,12.08887004852295,3.29901123046875,0.05582619085907936,1.5980640649795532,0.028135724365711212,0.920597493648529,-0.7234054803848267,0.9717622995376587,35.283573150634766,0.030485274270176888,0.08462729305028915,4.7548346519470215,4.028417110443115
joint_ac,122565,24357,24307,4121.7,133.6173095703125,12.035719871520996,2.5777366161346436,0.05656899884343147,1.7181729078292847,-0.005150310695171356,0.9242872595787048,-0.6888920664787292,0.9402516484260559,32.67151641845703,0.05300651118159294,0.3170647621154785,4.765085220336914,4.142538070678711
joint_ac,123390,24522,24472,4151.9,132.75213623046875,12.03161334991455,2.208301305770874,0.05589257553219795,1.58469820022583,0.038944926112890244,0.9263124465942383,-0.590755820274353,0.9361549615859985,19.943622589111328,0.07404472678899765,0.1286841779947281,4.736364364624023,3.85074782371521
joint_ac,124215,24687,24637,4182.0,133.7942352294922,12.120844841003418,2.606948137283325,0.0559704527258873,1.3190724849700928,0.026203278452157974,0.9198758006095886,-0.654065728187561,0.9766070246696472,23.637300491333008,0.04066559672355652,0.06454937160015106,4.73672342300415,3.867079019546509
joint_ac,125015,24847,24797,4212.1,134.8159637451172,12.078438758850098,2.77150297164917,0.105876624584198,2.400068998336792,0.03201742097735405,0.9267538189888,-0.5795784592628479,0.9493241906166077,31.222625732421875,0.09380614757537842,0.09362706542015076,4.736083984375,4.018044471740723
joint_ac,125845,25013,24963,4242.2,134.10011291503906,12.022432327270508,2.8703970909118652,0.09672094136476517,2.3764235973358154,0.01626512035727501,0.9227800369262695,-0.620378851890564,0.9759265780448914,28.685985565185547,0.13578201830387115,0.1378442943096161,4.723292827606201,3.808974266052246
joint_ac,126705,25185,25135,4272.2,132.77964782714844,12.021244049072266,2.6123974323272705,0.05679059401154518,1.39265775680542,0.0524449422955513,0.9242482781410217,-0.6931199431419373,0.9802379608154297,19.447025299072266,0.06587180495262146,0.13606669008731842,4.721556186676025,3.7837986946105957
joint_ac,127560,25356,25306,4302.3,133.3875274658203,12.0310640335083,2.690001964569092,0.0798816978931427,1.7273435592651367,0.027303185313940048,0.9201253056526184,-0.7096483111381531,0.9874111413955688,20.87359046936035,0.03848283365368843,0.11274516582489014,4.7146220207214355,3.865025520324707
joint_ac,128390,25522,25472,4332.4,132.23165893554688,11.991745948791504,2.3361289501190186,0.0575106181204319,1.425674557685852,-0.011362787336111069,0.9244071245193481,-0.70046466588974,0.9770153760910034,14.658697128295898,0.044986043125391006,0.3807361125946045,4.744204998016357,3.75067138671875
joint_ac,129220,25688,25638,4362.4,136.25958251953125,12.20879077911377,3.410165786743164,0.07344486564397812,1.9369124174118042,0.08773285150527954,0.9268460273742676,-0.7427038550376892,0.9476373195648193,31.107433319091797,0.14244650304317474,0.36012810468673706,4.76309061050415,3.988060235977173
joint_ac,130080,25860,25810,4392.6,133.77493286132812,12.057476043701172,2.7370078563690186,0.05631771683692932,1.8164197206497192,-0.0035984180867671967,0.9223642349243164,-0.7224862575531006,0.974482536315918,22.2005558013916,0.05602181702852249,0.31984347105026245,4.723438262939453,3.8669681549072266
joint_ac,130915,26027,25977,4422.7,133.00401306152344,12.020259857177734,2.4951071739196777,0.05562867969274521,1.817619800567627,0.06358747184276581,0.9210914373397827,-0.7574114799499512,0.9690808653831482,17.13779640197754,0.01927047036588192,0.17825724184513092,4.6990485191345215,3.7340087890625
joint_ac,131775,26199,26149,4452.7,133.2467041015625,12.002610206604004,2.821531295776367,0.056604620069265366,1.8026202917099,0.03607920929789543,0.9207338690757751,-0.7643224596977234,0.9480569362640381,20.516746520996094,0.0386413112282753,0.06384746730327606,4.723689079284668,3.8161659240722656
joint_ac,132615,26367,26317,4482.8,132.91685485839844,12.018357276916504,2.220078945159912,0.055692411959171295,2.0028836727142334,0.008337318897247314,0.9205591678619385,-0.6847696304321289,0.9683015942573547,29.582624435424805,0.03065534122288227,0.22435013949871063,4.737393856048584,3.71722674369812
joint_ac,133445,26533,26483,4512.8,133.0502471923828,12.001208305358887,2.7920918464660645,0.0739985778927803,1.6215609312057495,0.013719990849494934,0.9246193170547485,-0.6481521725654602,0.9566996097564697,27.417652130126953,0.06463785469532013,0.15070225298404694,4.739865779876709,3.8106529712677
joint_ac,134265,26697,26647,4543.0,133.9889373779297,12.033293724060059,2.9574263095855713,0.07174196094274521,1.9537315368652344,0.021604076027870178,0.9307414293289185,-0.6422691345214844,0.9440463185310364,43.50337600708008,0.08705497533082962,0.18216171860694885,4.8477582931518555,3.8253331184387207
joint_ac,135035,26851,26801,4573.1,134.18588256835938,12.010810852050781,2.7110323905944824,0.05818112939596176,2.8188881874084473,0.017045944929122925,0.9201263785362244,-0.6827471256256104,0.9602237343788147,65.42552947998047,0.01714921183884144,0.14222285151481628,4.778512477874756,3.7111592292785645
joint_ac,135770,26998,26948,4603.2,135.494873046875,12.05627155303955,2.7274651527404785,0.29019901156425476,2.4570157527923584,0.02450312301516533,0.9222843647003174,-0.5245742201805115,0.9659810662269592,38.80156326293945,0.05888417363166809,0.052164338529109955,4.80125617980957,4.656219959259033
joint_ac,136580,27160,27110,4633.3,133.87228393554688,12.042415618896484,2.6748342514038086,0.0934513583779335,1.9220327138900757,0.01798452064394951,0.9252632260322571,-0.5068358778953552,0.9149348139762878,30.53508186340332,0.0703066736459732,0.15325218439102173,4.766119956970215,3.991698741912842
joint_ac,137400,27324,27274,4663.4,133.50875854492188,12.069153785705566,2.3327255249023438,0.056470222771167755,1.766846776008606,0.04728859290480614,0.9220650792121887,-0.5824612379074097,0.9739221930503845,27.093643188476562,0.06549886614084244,0.18864353001117706,4.745383262634277,3.9157910346984863
