phase,env_steps,model_updates,ac_updates,elapsed_seconds,model_loss,vector_nll,reward_nll,discount_bce,kl,actor_loss,critic_loss,imagined_return,imagined_discount,model_gradient_norm,actor_gradient_norm,critic_gradient_norm
joint_ac,1320,114,64,30.3,143.99453735351562,14.343199729919434,0.33788177371025085,0.12168216705322266,0.10298699885606766,0.5123612880706787,1.7124019861221313,0.16855286061763763,0.9495197534561157,786763.9375,0.7227041125297546,10.989235877990723
joint_ac,2230,296,246,60.4,152.40682983398438,15.122735977172852,0.9170228242874146,0.13786759972572327,0.12458790838718414,0.3409774899482727,1.2809048891067505,-0.0903068333864212,0.9350107908248901,8941.0166015625,0.23331478238105774,6.5093674659729
joint_ac,2980,446,396,90.5,134.3243408203125,13.362106323242188,0.33713966608047485,0.11751949787139893,0.2486128956079483,0.3018442690372467,2.03698992729187,2.216564893722534,0.9760921001434326,3142.38720703125,0.24874329566955566,13.726295471191406
joint_ac,3625,575,525,120.5,136.88656616210938,13.183707237243652,-0.819581925868988,0.11047270894050598,5.758607864379883,-0.006845265626907349,0.9484627842903137,0.4680080711841583,0.9753314852714539,110.70995330810547,0.07521049678325653,1.1991783380508423
joint_ac,4280,706,656,150.7,130.2435302734375,12.583467483520508,-0.8059712052345276,0.10115377604961395,5.113669395446777,0.13217422366142273,1.0031291246414185,0.566731333732605,0.9800472259521484,145.6294708251953,0.23151671886444092,3.5813889503479004
joint_ac,4890,828,778,180.7,132.073486328125,12.717399597167969,-1.233361840248108,0.11331945657730103,6.019534111022949,-0.08584681153297424,0.9554226398468018,-0.13789115846157074,0.9810678958892822,91.8850326538086,0.24456602334976196,1.1402416229248047
joint_ac,5575,965,915,210.9,128.4285888671875,12.399054527282715,-1.1101458072662354,0.11750533431768417,5.430676460266113,-0.013789251446723938,0.9404683113098145,-0.06962154060602188,0.9763940572738647,75.98578643798828,0.11236387491226196,0.33453646302223206
joint_ac,6305,1111,1061,241.0,132.38197326660156,12.83072280883789,-1.3719606399536133,0.10392088443040848,5.342795372009277,-0.08747796714305878,0.945524275302887,-0.24910575151443481,0.9778330326080322,365.509765625,0.057588137686252594,1.2387064695358276
joint_ac,7025,1255,1205,271.0,128.58193969726562,12.55179500579834,-1.3617690801620483,0.10773293673992157,4.318019390106201,-0.02938064932823181,0.9294562935829163,-0.3145514130592346,0.9802875518798828,82.38882446289062,0.06985872238874435,0.43147605657577515
joint_ac,7780,1406,1356,301.0,127.44552612304688,12.43999195098877,-1.3735603094100952,0.10380692034959793,4.315364360809326,-0.04832059517502785,0.9316107034683228,-0.4268648326396942,0.9820917844772339,51.90169143676758,0.10988762974739075,0.931243896484375
joint_ac,8615,1573,1523,331.1,129.37838745117188,12.589923858642578,-1.8659205436706543,0.08352450281381607,5.261541843414307,0.048993825912475586,0.9274082779884338,-0.3369174897670746,0.9744300842285156,64.50911712646484,0.046069689095020294,0.8298854231834412
joint_ac,9460,1742,1692,361.1,126.10149383544922,12.392984390258789,-2.1045331954956055,0.07243391126394272,4.203753471374512,-0.051898542791604996,0.9336188435554504,-0.5031298398971558,0.9550451636314392,79.38645935058594,0.07291828840970993,1.0219944715499878
joint_ac,10315,1913,1863,391.2,128.22242736816406,12.437960624694824,-1.1857959032058716,0.10016131401062012,4.9284467697143555,-0.01764090359210968,0.9239107966423035,-0.4368741810321808,0.9846669435501099,124.12169647216797,0.026595959439873695,0.4345104396343231
joint_ac,11176,2085,2035,421.2,128.81910705566406,12.543267250061035,-2.2889559268951416,0.07994742691516876,5.595444679260254,0.06874392926692963,0.9308720231056213,-0.4061644375324249,0.9433671236038208,117.06932830810547,0.04105287045240402,1.0276520252227783
joint_ac,12040,2258,2208,451.3,126.33969116210938,12.41794204711914,-1.8030506372451782,0.0775638222694397,3.8857579231262207,0.06263627111911774,0.926914632320404,-0.3713153004646301,0.9823359251022339,184.96148681640625,0.03534414619207382,0.9461674094200134
joint_ac,12895,2429,2379,481.5,125.9384536743164,12.469053268432617,-2.5924880504608154,0.08439230173826218,3.7560112476348877,0.0195549838244915,0.9244613647460938,-0.4701591432094574,0.9657928347587585,67.65332794189453,0.030724743381142616,0.14927677810192108
joint_ac,13765,2603,2553,511.6,127.61017608642578,12.42585277557373,-2.2620813846588135,0.06570058315992355,5.548025131225586,0.0446549654006958,0.924564003944397,-0.5037940144538879,0.9538583159446716,96.85742950439453,0.0664626732468605,0.47954413294792175
joint_ac,14620,2774,2724,541.7,127.66017150878906,12.504124641418457,-2.6321518421173096,0.08273392170667648,5.168346405029297,0.03818270191550255,0.9223096370697021,-0.5305774211883545,0.9770905375480652,139.343994140625,0.04120423272252083,0.31125637888908386
joint_ac,15485,2947,2897,571.8,128.85671997070312,12.493523597717285,-1.5067135095596313,0.08571725338697433,5.342474460601807,0.0004485771059989929,0.9222250580787659,-0.4755302369594574,0.9816044569015503,214.39862060546875,0.03037344478070736,0.23580098152160645
joint_ac,16295,3109,3059,601.9,125.94900512695312,12.371965408325195,-1.85002863407135,0.08750180900096893,3.9918787479400635,0.11567908525466919,0.9386715888977051,-0.3203471899032593,0.9590801000595093,307.7470397949219,0.07799652218818665,1.7968552112579346
joint_ac,17135,3277,3227,632.0,126.50579071044922,12.401490211486816,-2.669215202331543,0.06641563773155212,5.093692779541016,0.010306935757398605,0.9219053983688354,-0.4439355432987213,0.9678117036819458,47.261131286621094,0.03916017338633537,0.04765338450670242
joint_ac,17990,3448,3398,662.1,128.8750762939453,12.423015594482422,-2.2222940921783447,0.09061342477798462,6.776600360870361,-0.028894726186990738,0.923419177532196,-0.4812666177749634,0.9730560183525085,254.64837646484375,0.04780375584959984,0.6500964164733887
joint_ac,18840,3618,3568,692.3,127.07515716552734,12.35939884185791,-1.7785978317260742,0.09982329607009888,5.159941673278809,-0.0526854544878006,0.9257842898368835,-0.4795131981372833,0.9860111474990845,155.89230346679688,0.03427023068070412,1.0063579082489014
joint_ac,19655,3781,3731,722.3,127.98930358886719,12.300167083740234,-1.8766133785247803,0.10070085525512695,6.763545036315918,0.014257412403821945,0.9209100604057312,-0.5019113421440125,0.965368390083313,29.903797149658203,0.020983261987566948,0.036460526287555695
joint_ac,20445,3939,3889,752.4,126.83496856689453,12.372893333435059,-1.4396530389785767,0.07353401929140091,4.47214937210083,-0.07112285494804382,0.9341944456100464,-0.6460615396499634,0.9743818640708923,911.0422973632812,0.07348582148551941,1.5463359355926514
joint_ac,21255,4101,4051,782.4,126.24723815917969,12.330717086791992,-2.0457112789154053,0.07643784582614899,4.909336090087891,-0.05482794716954231,0.9290840029716492,-0.6468663811683655,0.98392653465271,564.7885131835938,0.06841728836297989,1.305112600326538
joint_ac,22105,4271,4221,812.4,128.9411163330078,12.372625350952148,-1.007915735244751,0.10812874883413315,6.114646911621094,-0.03823303431272507,0.9326523542404175,-0.8570736050605774,0.9807581305503845,39.043148040771484,0.09480392932891846,1.5401629209518433
joint_ac,22975,4445,4395,842.6,128.44137573242188,12.397903442382812,-1.611628532409668,0.126910999417305,5.9470601081848145,0.0549088791012764,0.9218229651451111,-0.7248564958572388,0.9843130111694336,76.83477783203125,0.019968772307038307,0.27652212977409363
joint_ac,23840,4618,4568,872.7,126.78456115722656,12.354297637939453,-2.195117712020874,0.09837936609983444,5.338326454162598,0.013448964804410934,0.920882523059845,-0.7596279382705688,0.982498824596405,28.347536087036133,0.0334615595638752,0.44125497341156006
joint_ac,24695,4789,4739,902.8,127.33715057373047,12.330904960632324,-1.5298739671707153,0.08233505487442017,5.475635528564453,0.06500512361526489,0.9254502654075623,-0.5977298021316528,0.9734653234481812,37.85453414916992,0.03452178090810776,0.6761051416397095
joint_ac,25540,4958,4908,932.9,126.45005798339844,12.37961196899414,-2.373816728591919,0.0909482017159462,4.936803340911865,0.041687361896038055,0.9213616251945496,-0.7546194195747375,0.9861286878585815,86.39704132080078,0.05590077117085457,0.10851222276687622
joint_ac,26371,5124,5074,962.9,130.48106384277344,12.353010177612305,1.0775810480117798,0.12598931789398193,5.747391700744629,0.24504324793815613,0.9786209464073181,-0.6004414558410645,0.9874131679534912,302.0615539550781,0.09918863326311111,3.609306812286377
joint_ac,27210,5292,5242,992.9,128.03538513183594,12.508224487304688,-2.436379909515381,0.09512578696012497,5.294399738311768,-0.009115636348724365,0.9215851426124573,-0.6438542604446411,0.9440451264381409,48.52930450439453,0.04778902232646942,0.6048691868782043
joint_ac,28050,5460,5410,1023.0,124.61073303222656,12.275932312011719,-2.868422269821167,0.06368627399206161,4.656143665313721,0.053130701184272766,0.92379230260849,-0.6167197227478027,0.9309746623039246,103.88461303710938,0.05728860944509506,0.44414666295051575
joint_ac,28890,5628,5578,1053.2,125.616943359375,12.25219440460205,-2.4196465015411377,0.08319483697414398,5.431452751159668,0.04816348850727081,0.9214180707931519,-0.5731572508811951,0.9874645471572876,71.9863052368164,0.050288472324609756,0.38273918628692627
joint_ac,29710,5792,5742,1083.3,125.8011474609375,12.253570556640625,-2.114342451095581,0.08157719671726227,5.298208236694336,0.01877696067094803,0.9214447140693665,-0.5896382927894592,0.9629027247428894,111.5628890991211,0.029623238369822502,0.1527252346277237
joint_ac,30520,5954,5904,1113.4,128.18800354003906,12.431329727172852,-2.393441915512085,0.08791182935237885,6.180246829986572,-0.02555152028799057,0.9218423962593079,-0.5318689346313477,0.9714367985725403,102.80654907226562,0.020727412775158882,0.6866931319236755
joint_ac,31315,6113,6063,1143.6,126.46974182128906,12.347293853759766,-2.332148790359497,0.08383415639400482,5.245120525360107,-0.048948291689157486,0.9267856478691101,-0.5465911626815796,0.9351034760475159,273.009033203125,0.07700502872467041,1.0523386001586914
joint_ac,32114,6272,6222,1173.6,125.97504425048828,12.294964790344238,-2.248264789581299,0.08870842307806015,5.184956073760986,-0.01037914864718914,0.920555830001831,-0.5161104202270508,0.959522008895874,175.8799285888672,0.02326209470629692,0.430963933467865
joint_ac,32915,6433,6383,1203.7,127.05298614501953,12.326760292053223,-1.423376202583313,0.09378674626350403,5.1149749755859375,-0.01891458034515381,0.9217855334281921,-0.5716695785522461,0.9820898771286011,235.90985107421875,0.0677444338798523,0.6464317440986633
joint_ac,33745,6599,6549,1233.8,129.592041015625,12.44701099395752,-2.2665090560913086,0.08479004353284836,7.303646087646484,0.1176697164773941,0.9313062429428101,-0.4780871272087097,0.9757569432258606,192.28562927246094,0.02949901483952999,1.559309720993042
joint_ac,34560,6762,6712,1263.9,129.88882446289062,12.36963176727295,-1.6651948690414429,0.08957947045564651,7.768121242523193,-0.014607183635234833,0.9213417172431946,-0.5745519399642944,0.9873048067092896,53.13882064819336,0.019447261467576027,0.5546754598617554
joint_ac,35350,6920,6870,1293.9,125.2266845703125,12.35680866241455,-3.069535255432129,0.06137721240520477,4.6667585372924805,0.04117695987224579,0.9205564856529236,-0.5648542642593384,0.9717045426368713,299.6071472167969,0.015784364193677902,0.2952345609664917
joint_ac,36145,7079,7029,1323.9,126.66329193115234,12.333136558532715,-1.4683552980422974,0.0859939232468605,4.714287757873535,-0.021294809877872467,0.9229758381843567,-0.6086368560791016,0.9786620736122131,833.0662231445312,0.08269379287958145,0.6962472200393677
joint_ac,36980,7246,7196,1354.0,127.15007781982422,12.488786697387695,-2.675058603286743,0.05833113193511963,4.878939151763916,-0.04823589697480202,0.9239333271980286,-0.4819605350494385,0.9592682123184204,74.0833740234375,0.02648940309882164,0.9136686325073242
joint_ac,37805,7411,7361,1384.2,125.7109375,12.275543212890625,-2.3157687187194824,0.09337297827005386,5.17790412902832,-0.001312457025051117,0.9203062653541565,-0.5497269630432129,0.9742098450660706,70.25382232666016,0.015551703982055187,0.3261145055294037
joint_ac,38650,7580,7530,1414.3,128.3717803955078,12.374717712402344,-2.037097692489624,0.09326371550559998,6.568437099456787,0.011516846716403961,0.9203782081604004,-0.5483913421630859,0.9799890518188477,39.066917419433594,0.020378774031996727,0.1329224407672882
joint_ac,39505,7751,7701,1444.3,125.6767578125,12.265737533569336,-2.2139923572540283,0.10748415440320969,5.125887870788574,0.07388545572757721,0.9224085807800293,-0.6301543712615967,0.9693739414215088,116.35415649414062,0.024667328223586082,0.628193736076355
joint_ac,40380,7926,7876,1474.3,125.42003631591797,12.284139633178711,-2.9178028106689453,0.08836275339126587,5.408073902130127,0.04507745802402496,0.9210172891616821,-0.7015449404716492,0.990134596824646,111.90628051757812,0.0526166595518589,0.16120117902755737
joint_ac,41235,8097,8047,1504.4,125.02276611328125,12.26406192779541,-2.978372573852539,0.0575832761824131,5.302937984466553,0.003451220691204071,0.9216676950454712,-0.6711810231208801,0.9705738425254822,220.79196166992188,0.02544482797384262,0.4245660603046417
joint_ac,42095,8269,8219,1534.5,125.09748077392578,12.307909965515137,-2.746624231338501,0.07332074642181396,4.691680908203125,0.11707214266061783,0.9308887720108032,-0.5518472194671631,0.9585071802139282,417.8251647949219,0.11256169527769089,1.3727596998214722
joint_ac,42951,8440,8390,1564.5,126.9808120727539,12.367323875427246,-2.761481523513794,0.07745984196662903,5.991596221923828,0.011681970208883286,0.9202808141708374,-0.7174219489097595,0.9740288257598877,76.39790344238281,0.013981053605675697,0.36655932664871216
joint_ac,43845,8619,8569,1594.6,126.8106460571289,12.33929443359375,-2.189060926437378,0.08606758713722229,5.520695209503174,0.00928650051355362,0.9204134941101074,-0.7286931872367859,0.9787483811378479,49.157867431640625,0.010822776705026627,0.4066964387893677
joint_ac,44735,8797,8747,1624.7,127.2394790649414,12.351818084716797,-2.252135753631592,0.08194411545991898,5.891490936279297,0.00861097127199173,0.9201450347900391,-0.5617960691452026,0.977747917175293,171.6486053466797,0.03363034129142761,0.19399860501289368
joint_ac,45645,8979,8929,1654.7,127.00006866455078,12.298407554626465,-2.022658109664917,0.07579382508993149,5.962856292724609,0.013375148177146912,0.9202051162719727,-0.48519018292427063,0.9656132459640503,77.02969360351562,0.03687996044754982,0.03045373223721981
joint_ac,46590,9168,9118,1684.8,124.28813171386719,12.294764518737793,-2.8110828399658203,0.07486410439014435,4.076704502105713,-0.0055177342146635056,0.9199440479278564,-0.48420748114585876,0.9570204019546509,238.60110473632812,0.022527487948536873,0.26453813910484314
joint_ac,47545,9359,9309,1714.9,127.60211181640625,12.293682098388672,-1.6764546632766724,0.0828632265329361,6.258878707885742,-0.0016355626285076141,0.9196861982345581,-0.41746336221694946,0.9720032811164856,59.75897216796875,0.016675632447004318,0.12439798563718796
joint_ac,48490,9548,9498,1745.1,128.48570251464844,12.394122123718262,-1.7789863348007202,0.08412543684244156,6.239335536956787,0.015389073640108109,0.9193991422653198,-0.37802937626838684,0.9633557796478271,83.24365234375,0.01454841997474432,0.15851202607154846
joint_ac,49450,9740,9690,1775.2,126.96502685546875,12.377677917480469,-2.2872836589813232,0.07550608366727829,5.400027751922607,0.04614533856511116,0.9210957884788513,-0.43089258670806885,0.9690422415733337,69.8326416015625,0.02235463820397854,0.49935102462768555
joint_ac,50405,9931,9881,1805.3,125.9947280883789,12.316339492797852,-2.2884521484375,0.1543515920639038,4.965437412261963,-0.07594887912273407,0.9301488399505615,-0.49477124214172363,0.9309002757072449,697.6006469726562,0.029503116384148598,1.1587268114089966
joint_ac,51375,10125,10075,1835.4,125.8130874633789,12.217828750610352,-2.3318467140197754,0.08032841235399246,5.886319160461426,0.027653884142637253,0.9199239611625671,-0.3814224898815155,0.9807060360908508,282.1416015625,0.008752599358558655,0.29934513568878174
joint_ac,52345,10319,10269,1865.5,127.36137390136719,12.29752254486084,-2.0941715240478516,0.09701232612133026,6.383307933807373,0.04220511391758919,0.9256022572517395,-0.525945246219635,0.9742884039878845,228.67218017578125,0.030837737023830414,0.32470789551734924
joint_ac,53330,10516,10466,1895.5,125.72649383544922,12.398415565490723,-2.726027488708496,0.07457099109888077,4.393795967102051,-0.043943922966718674,0.9274502396583557,-0.7108817100524902,0.9786176085472107,332.7817077636719,0.04706107825040817,1.0149694681167603
joint_ac,54325,10715,10665,1925.7,132.39581298828125,12.3082914352417,4.075708866119385,0.17462176084518433,5.062561988830566,-0.0172627754509449,0.9216480851173401,-0.6310710310935974,0.9863006472587585,400.3945007324219,0.028651384636759758,0.5691181421279907
joint_ac,55310,10912,10862,1955.7,127.09624481201172,12.408966064453125,-2.558661699295044,0.06216806545853615,5.503077030181885,-0.006823234260082245,0.9241146445274353,-0.7898222208023071,0.9708156585693359,421.7124328613281,0.04129130020737648,0.6334126591682434
joint_ac,56230,11096,11046,1985.8,124.8250503540039,12.26882266998291,-2.8716039657592773,0.07121232151985168,4.937219619750977,-0.030635319650173187,0.9246550798416138,-0.6836044192314148,0.9702893495559692,62.98009490966797,0.06108693778514862,0.8037614822387695
joint_ac,57130,11276,11226,2015.9,127.35223388671875,12.400043487548828,-1.8101881742477417,0.10261306166648865,5.059375762939453,0.0324549563229084,0.9227213859558105,-0.7790982723236084,0.960392951965332,185.74789428710938,0.03566041216254234,0.13528701663017273
joint_ac,58015,11453,11403,2045.9,125.7578353881836,12.304747581481934,-3.0743041038513184,0.0686330497264862,5.716025352478027,0.040596067905426025,0.9193820953369141,-0.6259227395057678,0.9753941893577576,31.802459716796875,0.023335035890340805,0.14430761337280273
joint_ac,58895,11629,11579,2076.0,125.95542907714844,12.331233978271484,-2.96158504486084,0.05922028422355652,5.545453071594238,0.03173359856009483,0.9195204973220825,-0.5990942120552063,0.9624473452568054,260.0105895996094,0.024388784542679787,0.08083491027355194
joint_ac,59765,11803,11753,2106.2,127.789794921875,12.236252784729004,-0.002007551956921816,0.08825593441724777,5.341022491455078,0.013682033866643906,0.9202443957328796,-0.6659265756607056,0.9607523679733276,918.6696166992188,0.016476038843393326,0.21161678433418274
joint_ac,60630,11976,11926,2136.2,125.54447937011719,12.32426929473877,-2.9487597942352295,0.08901268988847733,5.161536693572998,0.018018219619989395,0.9197047352790833,-0.537758469581604,0.9768503308296204,50.60068130493164,0.015833593904972076,0.04339892417192459
joint_ac,61465,12143,12093,2166.3,127.04408264160156,12.299971580505371,-1.143186330795288,0.08359171450138092,5.1039581298828125,-0.07918482273817062,0.9311201572418213,-0.5898906588554382,0.9683151841163635,342.92529296875,0.0900317057967186,1.1710519790649414
joint_ac,62315,12313,12263,2196.3,124.37285614013672,12.290143013000488,-3.2565951347351074,0.056275058537721634,4.671746253967285,-0.007799144834280014,0.9201726913452148,-0.5645335912704468,0.9597491025924683,141.1738739013672,0.011939273215830326,0.32675090432167053
joint_ac,63165,12483,12433,2226.3,124.92125701904297,12.303071975708008,-2.9103331565856934,0.060144729912281036,4.740731716156006,0.05586795508861542,0.9205816388130188,-0.5483176112174988,0.9670911431312561,63.03233337402344,0.02876606024801731,0.3966335952281952
joint_ac,64030,12656,12606,2256.3,165.93563842773438,12.31821346282959,36.484275817871094,0.24562063813209534,6.023599624633789,0.09538806974887848,0.925067126750946,-0.5950205326080322,0.9903870224952698,1186.52734375,0.047446198761463165,0.7766392230987549
joint_ac,64905,12831,12781,2286.4,126.09913635253906,12.26960563659668,-2.1368446350097656,0.13318008184432983,5.40673828125,-0.009911391884088516,0.9206058382987976,-0.5283317565917969,0.9800406098365784,374.6816101074219,0.03009316325187683,0.3173505365848541
joint_ac,65735,12997,12947,2316.5,126.23076629638672,12.36345386505127,-2.4160678386688232,0.07390738278627396,4.938392639160156,0.03717010095715523,0.9198107123374939,-0.5227338671684265,0.9684354066848755,40.007083892822266,0.018870916217565536,0.20888863503932953
joint_ac,66575,13165,13115,2346.5,125.48429107666016,12.270923614501953,-2.659823417663574,0.08870913088321686,5.346168518066406,0.046491991728544235,0.9205020666122437,-0.5164452791213989,0.9854729771614075,274.82830810546875,0.017788484692573547,0.30420300364494324
joint_ac,67420,13334,13284,2376.6,125.8095932006836,12.27552604675293,-2.4821553230285645,0.06553784012794495,5.470946788787842,-0.0482095442712307,0.9252143502235413,-0.5959179997444153,0.9761690497398376,332.1195983886719,0.021283665671944618,0.7492290139198303
joint_ac,68270,13504,13454,2406.8,125.58139038085938,12.299823760986328,-2.7693700790405273,0.06868796050548553,5.2838358879089355,-0.027176935225725174,0.9227317571640015,-0.5881247520446777,0.9729907512664795,402.2234802246094,0.027431713417172432,0.5266386270523071
joint_ac,69100,13670,13620,2436.9,124.6889877319336,12.326457977294922,-3.331695795059204,0.05644284561276436,4.699658393859863,0.043934281915426254,0.9206658601760864,-0.5360813140869141,0.9583226442337036,302.4533386230469,0.018876947462558746,0.25334203243255615
joint_ac,69920,13834,13784,2466.9,127.08612823486328,12.380393028259277,-2.4945991039276123,0.0756198912858963,5.70117712020874,0.007753506302833557,0.9206925630569458,-0.6717739105224609,0.9834796190261841,238.0681915283203,0.008308537304401398,0.2629118859767914
joint_ac,70750,14000,13950,2497.0,126.07743835449219,12.25854778289795,-2.637953519821167,0.08037948608398438,6.0495285987854,-0.029842812567949295,0.9227771162986755,-0.6345378160476685,0.9810879230499268,214.3934326171875,0.03445471450686455,0.5833331346511841
joint_ac,71570,14164,14114,2527.1,125.71388244628906,12.378361701965332,-2.8523778915405273,0.08133646845817566,4.701306343078613,-0.0003979094326496124,0.9197366833686829,-0.5536055564880371,0.971521258354187,107.48048400878906,0.02108185365796089,0.21288178861141205
joint_ac,72400,14330,14280,2557.2,125.65860748291016,12.320952415466309,-2.712613821029663,0.07401493191719055,5.087683200836182,0.008738406002521515,0.9195680022239685,-0.4713553786277771,0.963685154914856,458.12591552734375,0.009817701764404774,0.0324687696993351
joint_ac,73195,14489,14439,2587.2,125.2325439453125,12.278535842895508,-2.639375925064087,0.05605771020054817,5.030505657196045,0.10670039802789688,0.9297618269920349,-0.4643014073371887,0.9633922576904297,711.6224365234375,0.021336236968636513,0.929923951625824
joint_ac,74040,14658,14608,2617.3,125.65837860107422,12.328852653503418,-3.2327747344970703,0.05636834725737572,5.546255588531494,0.018953129649162292,0.9193668961524963,-0.45125433802604675,0.9712080359458923,292.2885437011719,0.012182621285319328,0.07536754012107849
joint_ac,74875,14825,14775,2647.3,125.22111511230469,12.328229904174805,-3.171321153640747,0.059667110443115234,5.050468921661377,0.038926657289266586,0.9196990132331848,-0.5011233687400818,0.9677408933639526,246.6260986328125,0.012317312881350517,0.2166813611984253
joint_ac,75670,14984,14934,2677.5,125.01016235351562,12.294876098632812,-3.086927890777588,0.05612536519765854,5.092202186584473,0.06470203399658203,0.9221624732017517,-0.4803597629070282,0.9639636278152466,210.950439453125,0.018066465854644775,0.4895313084125519
joint_ac,76450,15140,15090,2707.7,124.49829864501953,12.3165864944458,-3.087737798690796,0.05613723769783974,4.364038467407227,0.03430565074086189,0.9200850129127502,-0.4603114426136017,0.9629375338554382,289.06414794921875,0.005716925486922264,0.22131659090518951
joint_ac,77255,15301,15251,2737.9,126.72711944580078,12.376708030700684,-2.473029375076294,0.09237919002771378,5.340683937072754,-0.10220599174499512,0.9458765983581543,-0.8016232848167419,0.9843969941139221,312.0333251953125,0.038535214960575104,1.5076477527618408
joint_ac,78060,15462,15412,2767.9,126.22750854492188,12.346949577331543,-3.194821357727051,0.07443621754646301,5.878395080566406,0.10386474430561066,0.926989734172821,-0.7306448221206665,0.9720160365104675,116.0600357055664,0.021533846855163574,0.6446599364280701
joint_ac,78875,15625,15575,2798.1,126.43724060058594,12.25708293914795,-2.373940944671631,0.07620081305503845,6.164150238037109,0.06442500650882721,0.9223981499671936,-0.7200908064842224,0.9775999188423157,271.34124755859375,0.03067239187657833,0.24922508001327515
joint_ac,79695,15789,15739,2828.1,123.76406860351562,12.25199031829834,-3.4844846725463867,0.05626838281750679,4.672380447387695,0.05135774239897728,0.9204941987991333,-0.6766440272331238,0.9582849144935608,29.857757568359375,0.022581716999411583,0.172053724527359
joint_ac,80485,15947,15897,2858.2,124.44232177734375,12.236828804016113,-3.2746047973632812,0.06063605844974518,5.28800630569458,0.04423841834068298,0.9207279682159424,-0.6116468906402588,0.9781628847122192,35.19917678833008,0.031685467809438705,0.15579886734485626
joint_ac,81275,16105,16055,2888.2,125.3874740600586,12.353275299072266,-3.145416736602783,0.08743669092655182,4.912701606750488,0.01519877091050148,0.9200716614723206,-0.6655468344688416,0.9827617406845093,155.408935546875,0.01076091080904007,0.15731506049633026
joint_ac,82060,16262,16212,2918.3,126.17973327636719,12.313394546508789,-2.2298412322998047,0.10529036819934845,5.170344829559326,0.05096834525465965,0.9241049885749817,-0.6753085851669312,0.9454603791236877,83.77471160888672,0.03749144822359085,0.20299473404884338
joint_ac,82855,16421,16371,2948.4,124.74105072021484,12.236197471618652,-3.0147314071655273,0.08104664832353592,5.312758922576904,-0.0043184794485569,0.920769453048706,-0.675139307975769,0.9729045629501343,386.73052978515625,0.01132928766310215,0.33727848529815674
joint_ac,83655,16581,16531,2978.5,126.50074005126953,12.268426895141602,-1.8639174699783325,0.08808042109012604,5.592314720153809,-0.011972006410360336,0.9216636419296265,-0.659939706325531,0.983275294303894,227.02471923828125,0.009226011112332344,0.3987386226654053
joint_ac,84415,16733,16683,3008.7,124.26808166503906,12.289258003234863,-3.2400765419006348,0.06439881026744843,4.5511794090271,0.006713826209306717,0.9214035272598267,-0.5873255729675293,0.9706968069076538,177.3853302001953,0.016222679987549782,0.16065019369125366
joint_ac,85190,16888,16838,3038.7,126.03253936767578,12.336536407470703,-2.830127000808716,0.07676644623279572,5.420534610748291,0.013421077281236649,0.9196233749389648,-0.6212756037712097,0.9792181849479675,123.01295471191406,0.011928915977478027,0.12923364341259003
joint_ac,85980,17046,16996,3068.8,124.44245910644531,12.24688720703125,-3.294950246810913,0.07053619623184204,5.198001384735107,0.015844125300645828,0.9192627668380737,-0.6177248954772949,0.9823627471923828,21.2221622467041,0.013094034045934677,0.0979468896985054
joint_ac,86775,17205,17155,3098.8,127.63706970214844,12.400683403015137,-2.4744365215301514,0.07587195187807083,6.028796672821045,-0.014862317591905594,0.9210797548294067,-0.600601077079773,0.9712487459182739,394.6049499511719,0.016362115740776062,0.3546220064163208
joint_ac,87565,17363,17313,3129.0,124.53004455566406,12.298439979553223,-3.5194005966186523,0.055741023272275925,5.009303092956543,0.026834309101104736,0.9198369979858398,-0.4512823224067688,0.9687212109565735,110.05376434326172,0.018612787127494812,0.14315174520015717
joint_ac,88370,17524,17474,3159.1,126.47714233398438,12.381726264953613,-3.065356492996216,0.07651866972446442,5.648721694946289,0.03564169630408287,0.9197110533714294,-0.48411038517951965,0.9857950806617737,235.6396484375,0.020260468125343323,0.1833086609840393
joint_ac,89205,17691,17641,3189.1,123.65316772460938,12.26798152923584,-3.30633544921875,0.05600312352180481,4.223679065704346,0.032324306666851044,0.9194511771202087,-0.48697856068611145,0.9664987325668335,334.0372619628906,0.005879723932594061,0.15048909187316895
joint_ac,90005,17851,17801,3219.1,125.26514434814453,12.32332992553711,-2.575223922729492,0.0804288238286972,4.526642799377441,-0.009337523952126503,0.9199535250663757,-0.5065155625343323,0.9680535793304443,462.3237609863281,0.008077963255345821,0.2090616673231125
joint_ac,90795,18009,17959,3249.2,126.4541015625,12.266846656799316,-2.6990599632263184,0.0575590655207634,6.427139759063721,0.017779044806957245,0.9197484254837036,-0.48881638050079346,0.9601972103118896,60.35293197631836,0.014642334543168545,0.04099670425057411
joint_ac,91620,18174,18124,3279.4,128.29815673828125,12.272661209106445,-0.9131731390953064,0.16875678300857544,6.31596565246582,-0.009205833077430725,0.9218204021453857,-0.5220814347267151,0.9898220300674438,41.34920883178711,0.009527938440442085,0.234843909740448
joint_ac,92400,18330,18280,3309.5,124.55657958984375,12.295614242553711,-2.9444470405578613,0.08484786748886108,4.460031032562256,-0.005700299516320229,0.9207755327224731,-0.555493950843811,0.9789820909500122,320.6593933105469,0.01341930590569973,0.22018812596797943
joint_ac,93195,18489,18439,3339.5,126.44734954833984,12.337919235229492,-3.183385133743286,0.08629345148801804,6.1652421951293945,0.03410434350371361,0.9198186993598938,-0.4816250503063202,0.9792644381523132,81.76586151123047,0.007593982852995396,0.1673281043767929
joint_ac,93990,18648,18598,3369.5,128.23439025878906,12.346954345703125,-2.001253366470337,0.08669973164796829,6.67940616607666,-0.005805078893899918,0.921158492565155,-0.5688071250915527,0.9469062089920044,304.68572998046875,0.019605319947004318,0.22566866874694824
joint_ac,94765,18803,18753,3399.6,126.30916595458984,12.369592666625977,-2.907681465148926,0.05929861217737198,5.4616241455078125,-0.008749838918447495,0.9212947487831116,-0.6266726851463318,0.9757582545280457,383.53631591796875,0.032865945249795914,0.2936067283153534
joint_ac,95560,18962,18912,3429.7,127.35201263427734,12.328765869140625,-1.8616515398025513,0.10779853910207748,5.818209648132324,0.024600934237241745,0.9193605780601501,-0.6420886516571045,0.9877427816390991,36.41865921020508,0.00933509599417448,0.04591741785407066
joint_ac,96345,19119,19069,3459.8,124.41499328613281,12.285179138183594,-3.1831014156341553,0.06261345744132996,4.683691024780273,0.007601819932460785,0.9202398657798767,-0.6467357873916626,0.9867748618125916,15.700502395629883,0.017941895872354507,0.18228426575660706
joint_ac,97115,19273,19223,3489.9,127.41577911376953,12.25539779663086,-2.027803897857666,0.0898163691163063,6.799785137176514,0.04849550873041153,0.9197316765785217,-0.6210166811943054,0.9835361242294312,48.806053161621094,0.005752660799771547,0.16395050287246704
joint_ac,97890,19428,19378,3519.9,124.70587921142578,12.299947738647461,-3.2782716751098633,0.05636397749185562,4.928308010101318,0.023887336254119873,0.9194082617759705,-0.5375319123268127,0.9675312042236328,231.53480529785156,0.007670430466532707,0.038745902478694916
joint_ac,98670,19584,19534,3550.0,124.78617858886719,12.345611572265625,-3.496511220932007,0.057050805538892746,4.7695207595825195,0.028758343309164047,0.9194633364677429,-0.4948671758174896,0.977912962436676,345.3907470703125,0.01455067377537489,0.1052711084485054
joint_ac,99480,19746,19696,3580.1,125.7843246459961,12.321480751037598,-3.059926986694336,0.0760030522942543,5.5534443855285645,0.009600266814231873,0.9193976521492004,-0.5699251890182495,0.9798586368560791,83.30526733398438,0.0052560726180672646,0.09561557322740555
joint_ac,100235,19897,19847,3610.2,123.79984283447266,12.26951789855957,-3.245565414428711,0.055987291038036346,4.294243335723877,0.043312039226293564,0.9197456240653992,-0.5224798917770386,0.9820879697799683,557.7700805664062,0.01282169297337532,0.18456006050109863
joint_ac,101000,20050,20000,3640.3,126.4175033569336,12.344684600830078,-2.346014976501465,0.07997799664735794,5.236693382263184,-0.000525008887052536,0.9204694032669067,-0.6045286655426025,0.9775530099868774,504.1861877441406,0.014842583797872066,0.19829894602298737
joint_ac,101775,20205,20155,3670.3,125.40192413330078,12.377580642700195,-2.6797330379486084,0.055685531347990036,4.2501726150512695,0.009015921503305435,0.9199104905128479,-0.5338162779808044,0.9686570763587952,857.92333984375,0.010407723486423492,0.07639942318201065
joint_ac,102555,20361,20311,3700.4,126.9161148071289,12.40725326538086,-3.16375470161438,0.07371161878108978,5.933627128601074,0.06504572182893753,0.9218144416809082,-0.49724265933036804,0.9784642457962036,199.19583129882812,0.01695224829018116,0.3638596832752228
joint_ac,103350,20520,20470,3730.6,128.7241973876953,12.415063858032227,-2.060840129852295,0.15170477330684662,6.482692718505859,0.03364432603120804,0.9193670749664307,-0.5219061374664307,0.9858843088150024,119.8458251953125,0.009272879920899868,0.11554567515850067
joint_ac,104105,20671,20621,3760.6,125.31380462646484,12.349762916564941,-2.980400800704956,0.08302880078554153,4.7135467529296875,0.0536784753203392,0.9213038682937622,-0.4703775644302368,0.9763230681419373,287.681640625,0.01871730200946331,0.3026176691055298
joint_ac,104875,20825,20775,3790.7,127.14765167236328,12.36408519744873,-2.3704257011413574,0.07733949273824692,5.799887180328369,-0.023828767240047455,0.9219866991043091,-0.5968455672264099,0.9831987023353577,662.54736328125,0.02206086739897728,0.35203713178634644
joint_ac,105660,20982,20932,3820.7,125.18584442138672,12.259947776794434,-2.819451332092285,0.05569988116621971,5.3501176834106445,0.07787919044494629,0.9236679077148438,-0.4834073483943939,0.9731658101081848,832.2704467773438,0.013841860927641392,0.4568178653717041
joint_ac,106440,21138,21088,3850.8,125.59872436523438,12.29160213470459,-2.589062213897705,0.07297153025865555,5.198793411254883,0.042966749519109726,0.9203330874443054,-0.5377463698387146,0.9829446077346802,663.567626953125,0.0067699677310884,0.17193542420864105
joint_ac,107210,21292,21242,3880.9,123.99272155761719,12.242879867553711,-3.382936954498291,0.05597259849309921,4.890885829925537,0.041440200060606,0.9196663498878479,-0.6444398760795593,0.970902144908905,44.78399658203125,0.021950989961624146,0.0802464708685875
joint_ac,107975,21445,21395,3910.9,126.31804656982422,12.361045837402344,-3.0255937576293945,0.0853123813867569,5.647871017456055,0.04414064809679985,0.919501543045044,-0.5845450758934021,0.9693954586982727,193.0264434814453,0.0057758460752666,0.13651487231254578
joint_ac,108720,21594,21544,3941.1,124.65264892578125,12.248126029968262,-2.8090803623199463,0.08065564930438995,4.899813652038574,0.042779870331287384,0.9194416403770447,-0.5867516994476318,0.973555862903595,333.7420349121094,0.005840562749654055,0.12807199358940125
joint_ac,109495,21749,21699,3971.2,126.76042938232422,12.389622688293457,-3.151127815246582,0.057177118957042694,5.958151817321777,0.02974216639995575,0.9192835092544556,-0.6388067603111267,0.9691941738128662,258.12408447265625,0.011081351898610592,0.011602938175201416
joint_ac,110265,21903,21853,4001.3,123.84974670410156,12.260674476623535,-3.4366822242736816,0.055667828768491745,4.624019622802734,0.05067878216505051,0.9194958806037903,-0.6486004590988159,0.9719716906547546,84.95293426513672,0.013960549607872963,0.13777309656143188
joint_ac,111025,22055,22005,4031.5,123.14898681640625,12.229425430297852,-3.485842704772949,0.05558657646179199,4.284994602203369,0.01536247506737709,0.9200408458709717,-0.6383640170097351,0.9795509576797485,45.66383361816406,0.028624800965189934,0.09362705051898956
joint_ac,111815,22213,22163,4061.5,124.68751525878906,12.261019706726074,-3.0785372257232666,0.05632169544696808,5.099530220031738,0.01606890559196472,0.9193377494812012,-0.6358642578125,0.9633466005325317,265.1537170410156,0.00751360971480608,0.08645522594451904
joint_ac,112595,22369,22319,4091.7,126.49654388427734,12.32165241241455,-2.780421018600464,0.08109292387962341,5.979347229003906,0.001851305365562439,0.9203731417655945,-0.66280198097229,0.9733116030693054,205.12567138671875,0.011030605062842369,0.2002985030412674
joint_ac,113370,22524,22474,4121.8,125.39704895019531,12.336675643920898,-3.1390154361724854,0.0564814992249012,5.11282205581665,-0.003755573183298111,0.9204469919204712,-0.6498790979385376,0.951662003993988,139.69082641601562,0.009326998144388199,0.23024660348892212
joint_ac,114145,22679,22629,4151.8,131.6398162841797,12.891729354858398,-2.8027713298797607,0.056942593306303024,5.46835470199585,0.06349369883537292,0.9212632179260254,-0.5996332168579102,0.9748480319976807,372.48321533203125,0.017589468508958817,0.25614115595817566
joint_ac,114910,22832,22782,4182.0,125.80294799804688,12.295857429504395,-1.7843222618103027,0.08876755088567734,4.5399298667907715,-0.04564811661839485,0.9313099980354309,-0.8238296508789062,0.9804896116256714,179.3767547607422,0.018054595217108727,0.6345716714859009
joint_ac,115670,22984,22934,4212.0,129.3585662841797,12.308026313781738,0.7968335151672363,0.12210001796483994,5.359370231628418,0.05054037272930145,0.9206116199493408,-0.6772268414497375,0.9817970395088196,142.7737274169922,0.012290094047784805,0.1427171528339386
joint_ac,116435,23137,23087,4242.2,130.95269775390625,12.761048316955566,-2.4329535961151123,0.08905268460512161,5.686120510101318,0.04418273642659187,0.9212573170661926,-0.7028513550758362,0.9630460739135742,170.81410217285156,0.01170824933797121,0.07001041620969772
joint_ac,117220,23294,23244,4272.3,125.74053192138672,12.275816917419434,-2.6363134384155273,0.07889179140329361,5.5397844314575195,0.03517139330506325,0.9200192093849182,-0.7166327238082886,0.9599713683128357,142.49769592285156,0.01576537825167179,0.01931069605052471
joint_ac,118005,23451,23401,4302.4,125.66295623779297,12.270249366760254,-2.7945973873138428,0.08328678458929062,5.671772480010986,0.07686859369277954,0.9242236614227295,-0.5850294232368469,0.9829191565513611,125.77157592773438,0.02875710465013981,0.36296653747558594
joint_ac,118750,23600,23550,4332.6,126.18650817871094,12.291226387023926,-2.113665819168091,0.11128155142068863,5.276627540588379,0.03244434669613838,0.9210073351860046,-0.5927610993385315,0.9523857235908508,225.20693969726562,0.011276072822511196,0.05764804407954216
joint_ac,119520,23754,23704,4362.6,127.90948486328125,12.428893089294434,-3.0961029529571533,0.06282813847064972,6.653822898864746,0.005496039986610413,0.9194198846817017,-0.5478085279464722,0.9927879571914673,38.116119384765625,0.008363093249499798,0.10123126208782196
joint_ac,120355,23921,23871,4392.7,124.57835388183594,12.276725769042969,-3.044846773147583,0.06326621025800705,4.792679309844971,0.003045562654733658,0.9203931093215942,-0.5056543350219727,0.9728655219078064,277.3155212402344,0.0070562600158154964,0.09376351535320282
joint_ac,121240,24098,24048,4422.9,124.46749114990234,12.305791854858398,-3.2707910537719727,0.06417074054479599,4.616187572479248,0.054355308413505554,0.9213587045669556,-0.4999963343143463,0.9786636233329773,177.90797424316406,0.017469514161348343,0.25238046050071716
joint_ac,122065,24263,24213,4453.0,124.36499786376953,12.226358413696289,-3.0973916053771973,0.05830959975719452,5.140501499176025,-0.013262078166007996,0.9204580187797546,-0.5363622903823853,0.9820350408554077,264.1223449707031,0.00851842574775219,0.20905135571956635
joint_ac,122885,24427,24377,4483.1,125.50042724609375,12.289237976074219,-3.0203466415405273,0.07513131201267242,5.553262710571289,0.02815687283873558,0.919863760471344,-0.44679567217826843,0.9836013317108154,61.740577697753906,0.015497667714953423,0.11100615561008453
joint_ac,123705,24591,24541,4513.1,125.88766479492188,12.336697578430176,-2.7336106300354004,0.06682188808917999,5.187480449676514,0.011803194880485535,0.9201679229736328,-0.48522549867630005,0.9747248291969299,147.56175231933594,0.01349560171365738,0.03151407837867737
joint_ac,124470,24744,24694,4543.2,127.71878814697266,12.338543891906738,-2.714492082595825,0.07742912322282791,6.970414638519287,-0.013981971889734268,0.9204427599906921,-0.4871034622192383,0.9808499813079834,62.793121337890625,0.010955418460071087,0.16970263421535492
joint_ac,125205,24891,24841,4573.2,127.94173431396484,12.348983764648438,-2.5481855869293213,0.07745816558599472,6.922621726989746,0.015669919550418854,0.9220761060714722,-0.5019271969795227,0.9810521602630615,95.66316986083984,0.02183619514107704,0.05743556469678879
joint_ac,125985,25047,24997,4603.3,124.22500610351562,12.263469696044922,-3.476503610610962,0.05789908766746521,5.008915901184082,0.016392327845096588,0.9194815754890442,-0.5043793320655823,0.9778845906257629,129.99038696289062,0.007843228988349438,0.014933668076992035
joint_ac,126775,25205,25155,4633.4,126.11588287353516,12.272542953491211,-2.32596755027771,0.05775650963187218,5.658658981323242,-0.02618742361664772,0.9220629334449768,-0.5636540055274963,0.975726842880249,817.3408813476562,0.01280476339161396,0.29377543926239014
joint_ac,127550,25360,25310,4663.5,125.35382843017578,12.257280349731445,-2.8763234615325928,0.0834522545337677,5.573902606964111,0.025357507169246674,0.9193003177642822,-0.47130855917930603,0.9860509037971497,81.13508605957031,0.011907613836228848,0.07616040855646133
joint_ac,128365,25523,25473,4693.6,127.12877655029297,12.27066707611084,-2.6191964149475098,0.055998921394348145,6.985301971435547,-0.0004436299204826355,0.9201390147209167,-0.5304256081581116,0.9687482118606567,369.754150390625,0.017365483567118645,0.11080412566661835
joint_ac,129180,25686,25636,4723.6,124.78243255615234,12.240721702575684,-3.024984836578369,0.05589325353503227,5.344304084777832,-0.03171098232269287,0.9226847887039185,-0.5538175106048584,0.968781590461731,404.8712463378906,0.009710414335131645,0.30407190322875977
joint_ac,129985,25847,25797,4753.7,128.21884155273438,12.302030563354492,-3.0361249446868896,0.08877529948949814,8.145889282226562,0.02556101605296135,0.9191909432411194,-0.5132016539573669,0.9809712767601013,28.548843383789062,0.010192758403718472,0.049619872123003006
joint_ac,130780,26006,25956,4783.8,126.39496612548828,12.257623672485352,-2.7867538928985596,0.08483915030956268,6.520644664764404,0.03287351503968239,0.9194950461387634,-0.5065647959709167,0.971371591091156,72.84224700927734,0.0067411158233881,0.09217575937509537
joint_ac,131550,26160,26110,4813.8,125.57966613769531,12.249659538269043,-3.5189011096954346,0.05670364201068878,6.5452680587768555,0.020670272409915924,0.9190637469291687,-0.4878405034542084,0.9683927297592163,94.80644989013672,0.009867777116596699,0.03544040769338608
joint_ac,132325,26315,26265,4843.9,124.41188049316406,12.252815246582031,-2.708345651626587,0.06694569438695908,4.525126934051514,0.016482416540384293,0.9195900559425354,-0.497001588344574,0.9832497239112854,788.6202392578125,0.009242679923772812,0.00922645814716816
joint_ac,133110,26472,26422,4874.0,124.49472045898438,12.272722244262695,-3.0656440258026123,0.05951910838484764,4.77362585067749,0.019428908824920654,0.919666051864624,-0.43960028886795044,0.9728175401687622,217.25157165527344,0.01752711646258831,0.056599006056785583
joint_ac,133905,26631,26581,4904.1,127.91259002685547,12.314172744750977,-1.907265543937683,0.10962066799402237,6.568511962890625,0.051178570836782455,0.9231747984886169,-0.4774813950061798,0.9828786253929138,123.55924987792969,0.008597852662205696,0.21695959568023682
joint_ac,134695,26789,26739,4934.2,126.55045318603516,12.304422378540039,-2.8067846298217773,0.07007896155118942,6.242940425872803,0.04444252327084541,0.9208760261535645,-0.42378875613212585,0.9804958701133728,393.5902099609375,0.014137174002826214,0.20521880686283112
joint_ac,135490,26948,26898,4964.4,125.42919158935547,12.275459289550781,-3.1357762813568115,0.06058196723461151,5.749789237976074,0.024025890976190567,0.9199138283729553,-0.520616352558136,0.9788386225700378,73.6968765258789,0.02077937312424183,0.03933708742260933
joint_ac,136280,27106,27056,4994.5,126.76397705078125,12.270809173583984,-2.5239169597625732,0.06679768860340118,6.513005256652832,-0.02443859353661537,0.9219386577606201,-0.56093430519104,0.9770233035087585,96.07396697998047,0.010126841254532337,0.25495827198028564
joint_ac,137065,27263,27213,5024.6,125.80634307861328,12.344182968139648,-2.9673678874969482,0.07528038322925568,5.256595611572266,0.049086183309555054,0.9203488230705261,-0.6227335333824158,0.9864693284034729,281.2684020996094,0.006496654357761145,0.12453442066907883
