phase,env_steps,model_updates,ac_updates,elapsed_seconds,model_loss,vector_nll,reward_nll,discount_bce,kl,actor_loss,critic_loss,imagined_return,imagined_discount,model_gradient_norm,actor_gradient_norm,critic_gradient_norm,delta_nll
joint_ac,1460,142,92,30.3,163.76788330078125,15.234384536743164,3.9969918727874756,0.11259317398071289,0.11008364707231522,-0.01915319263935089,0.9785060286521912,0.6133954524993896,0.9666222333908081,6961933.5,0.164745032787323,1.2687548398971558,7.2043633460998535
joint_ac,2595,369,319,60.3,161.13157653808594,14.997101783752441,3.6706838607788086,0.09966905415058136,0.09112855046987534,-0.06088205799460411,0.9286351203918457,-0.09860368818044662,0.9788417816162109,4698.0009765625,0.04602514207363129,0.7023087739944458,7.299078464508057
joint_ac,3695,589,539,90.3,141.20318603515625,12.5536527633667,3.720601797103882,0.11815358698368073,5.44841194152832,-0.026017047464847565,0.9210650324821472,-0.3078528642654419,0.972836434841156,86.37709045410156,0.05365895479917526,0.42121613025665283,6.379488468170166
joint_ac,4765,803,753,120.4,156.99134826660156,13.401725769042969,4.691739082336426,0.10813410580158234,5.71063232421875,0.024439632892608643,0.920194685459137,-0.4466468095779419,0.9747558832168579,117.51506042480469,0.016944803297519684,0.2422562539577484,12.463576316833496
joint_ac,5835,1017,967,150.5,139.03184509277344,12.32995891571045,3.401320219039917,0.09854082018136978,5.968333721160889,-0.004975028336048126,0.9200183749198914,-0.5198345184326172,0.9720151424407959,37.71967315673828,0.014886022545397282,0.4083239436149597,6.264047622680664
joint_ac,6865,1223,1173,180.6,141.04013061523438,12.455653190612793,3.472684144973755,0.11520973592996597,6.208276748657227,0.018558409065008163,0.9195619225502014,-0.5628698468208313,0.9695647358894348,44.115753173828125,0.025403255596756935,0.07604251801967621,6.687431335449219
joint_ac,7925,1435,1385,210.7,138.4677734375,12.335293769836426,3.493166923522949,0.09359230101108551,5.270167350769043,0.008143369108438492,0.9194711446762085,-0.4730573892593384,0.9649683833122253,42.98196029663086,0.011263127438724041,0.08434426039457321,6.257904052734375
joint_ac,8980,1646,1596,240.7,140.16278076171875,12.353073120117188,3.7651469707489014,0.1010875403881073,5.968857288360596,0.04168342798948288,0.9207383394241333,-0.6378572583198547,0.9820061326026917,34.960044860839844,0.025234311819076538,0.21981993317604065,6.79694938659668
joint_ac,10035,1857,1807,270.8,140.0579376220703,12.403105735778809,3.5784881114959717,0.09934680163860321,5.896433353424072,0.03234405815601349,0.9198172092437744,-0.7296395897865295,0.9776004552841187,50.071170806884766,0.02008720487356186,0.10695179551839828,6.452598571777344
joint_ac,11040,2058,2008,301.0,138.5453643798828,12.387641906738281,3.858790397644043,0.0674220398068428,4.423254013061523,0.05540797486901283,0.9239563941955566,-0.6144365668296814,0.9644454717636108,42.49348831176758,0.12814275920391083,0.5344006419181824,6.319486141204834
joint_ac,12020,2254,2204,331.0,140.15484619140625,12.38316535949707,3.739190101623535,0.14173449575901031,6.111109733581543,0.027169138193130493,0.9195143580436707,-0.7141391634941101,0.9898941516876221,35.594852447509766,0.021880846470594406,0.16315817832946777,6.3311543464660645
joint_ac,12995,2449,2399,361.0,140.62680053710938,12.446979522705078,4.099391937255859,0.0862363800406456,5.1375322341918945,0.038357652723789215,0.9237048029899597,-0.6118434071540833,0.9587558507919312,42.67389678955078,0.045826226472854614,0.22399097681045532,6.833838939666748
joint_ac,13970,2644,2594,391.1,138.0928955078125,12.370532035827637,3.6889688968658447,0.0814545527100563,4.229996681213379,0.020987913012504578,0.9197065234184265,-0.5993181467056274,0.9784730076789856,26.350990295410156,0.014587782323360443,0.07756723463535309,6.387155532836914
joint_ac,14920,2834,2784,421.2,137.39923095703125,12.302327156066895,3.9452481269836426,0.09539434313774109,4.164675712585449,0.040731560438871384,0.9197797775268555,-0.5741183757781982,0.9722506403923035,29.351545333862305,0.036581508815288544,0.29443806409835815,6.170645236968994
joint_ac,15900,3030,2980,451.3,138.1683807373047,12.434897422790527,3.6638715267181396,0.09528496116399765,3.686589002609253,0.02841123193502426,0.9201152920722961,-0.6898125410079956,0.9638399481773376,45.90296173095703,0.01300005428493023,0.11144096404314041,6.3736724853515625
joint_ac,16855,3221,3171,481.4,136.7208251953125,12.263668060302734,3.560500383377075,0.10896733403205872,4.105612277984619,0.013800952583551407,0.9197656512260437,-0.624879777431488,0.9818366765975952,39.70881271362305,0.021585697308182716,0.21529850363731384,6.309062480926514
joint_ac,17790,3408,3358,511.4,135.68936157226562,12.201136589050293,3.694265604019165,0.09988545626401901,3.4075536727905273,0.0502474270761013,0.9207459688186646,-0.6319782137870789,0.968826949596405,40.25014877319336,0.023789947852492332,0.3447325527667999,6.476308345794678
joint_ac,18715,3593,3543,541.5,139.61964416503906,12.310356140136719,3.733053207397461,0.09691274911165237,5.342308521270752,0.04279366135597229,0.9206165075302124,-0.7717267870903015,0.9776012301445007,45.724876403808594,0.0210396870970726,0.044452689588069916,7.343798637390137
joint_ac,19655,3781,3731,571.6,134.02639770507812,12.138128280639648,3.3228583335876465,0.17611099779605865,2.922848701477051,0.020240362733602524,0.9200721383094788,-0.6591974496841431,0.9829713106155396,28.47393798828125,0.017460156232118607,0.18003526329994202,6.223315238952637
joint_ac,20605,3971,3921,601.8,135.4798583984375,12.216280937194824,3.5924501419067383,0.09257128089666367,3.512078046798706,0.02893954887986183,0.9209222197532654,-0.7443405389785767,0.9743387699127197,37.86037826538086,0.020125696435570717,0.18032677471637726,6.119938373565674
joint_ac,21515,4153,4103,631.8,134.37747192382812,12.213338851928711,3.466127872467041,0.09372058510780334,2.7753310203552246,0.06944920867681503,0.9215078353881836,-0.7560597062110901,0.9671227931976318,23.66229248046875,0.021080635488033295,0.4504713714122772,5.908912181854248
joint_ac,22435,4337,4287,662.0,134.15377807617188,12.154951095581055,3.4715893268585205,0.09666278958320618,3.0906548500061035,0.022695690393447876,0.920096218585968,-0.7182756066322327,0.9720174074172974,28.178775787353516,0.033652905374765396,0.2147393524646759,5.945358753204346
joint_ac,23365,4523,4473,692.0,134.3297576904297,12.175687789916992,3.7106902599334717,0.09183254092931747,2.9550135135650635,0.02993832156062126,0.9198411107063293,-0.7314008474349976,0.9802238345146179,28.085487365722656,0.028844786807894707,0.13254036009311676,5.815333366394043
joint_ac,24305,4711,4661,722.1,135.06161499023438,12.15212631225586,3.5170624256134033,0.09869305044412613,3.759676218032837,0.03604718670248985,0.9199891686439514,-0.7403408885002136,0.9786141514778137,52.398529052734375,0.051805172115564346,0.06555784493684769,6.164916038513184
joint_ac,25215,4893,4843,752.2,134.65045166015625,12.175491333007812,3.365185022354126,0.11184769123792648,3.2940685749053955,0.04646207019686699,0.9201485514640808,-0.7864521145820618,0.9812649488449097,37.7877311706543,0.022771550342440605,0.066300168633461,6.124433994293213
joint_ac,26135,5077,5027,782.2,132.21893310546875,12.08095932006836,3.2241992950439453,0.10687121748924255,2.3660261631011963,0.010570842772722244,0.9206318855285645,-0.7381821870803833,0.9796227216720581,32.08012390136719,0.03415243700146675,0.41583922505378723,5.712240695953369
joint_ac,27045,5259,5209,812.3,134.63699340820312,12.206286430358887,3.446488857269287,0.1354120671749115,3.1399598121643066,0.047608111053705215,0.9202461838722229,-0.6408460140228271,0.9875612258911133,40.20096969604492,0.023801423609256744,0.24894438683986664,5.852274417877197
joint_ac,27945,5439,5389,842.4,133.18316650390625,12.127882957458496,3.1826436519622803,0.10855347663164139,2.7034175395965576,-0.05245480686426163,0.929353654384613,-0.7031490206718445,0.9819755554199219,28.39044189453125,0.10396036505699158,1.2328789234161377,5.909719467163086
joint_ac,28822,5614,5564,872.4,132.58985900878906,12.120322227478027,2.942561626434326,0.11996006965637207,2.4009063243865967,0.048259686678647995,0.9214407205581665,-0.698871374130249,0.9772937297821045,32.56300354003906,0.05678374320268631,0.16833773255348206,5.923208713531494
joint_ac,29680,5786,5736,902.5,133.81690979003906,12.217842102050781,3.4493842124938965,0.0939280316233635,2.2996342182159424,0.02763199433684349,0.9200731515884399,-0.6281327605247498,0.9648857712745667,37.78610610961914,0.05343493074178696,0.03844216838479042,5.795534610748291
joint_ac,30585,5967,5917,932.6,133.8779754638672,12.264826774597168,3.235475540161133,0.12265808880329132,2.2114806175231934,0.028511863201856613,0.9200774431228638,-0.6179309487342834,0.9701387882232666,42.721614837646484,0.03830632194876671,0.03766397386789322,5.66010046005249
joint_ac,31500,6150,6100,962.7,134.82980346679688,12.234138488769531,3.7697677612304688,0.09512539952993393,3.045311689376831,0.009731542319059372,0.9203461408615112,-0.6299872398376465,0.9715195894241333,36.83799743652344,0.03017396666109562,0.2615058720111847,5.578209400177002
joint_ac,32375,6325,6275,992.7,133.27745056152344,12.161221504211426,3.464592218399048,0.09493613988161087,2.5077996253967285,0.015652410686016083,0.9206650853157043,-0.580302894115448,0.9695640802383423,28.22492218017578,0.06638381630182266,0.14500124752521515,5.597911357879639
joint_ac,33220,6494,6444,1022.9,132.51405334472656,12.1365385055542,3.150876998901367,0.09355297684669495,2.3415215015411377,-0.01532188430428505,0.921640157699585,-0.5648561716079712,0.9498804807662964,28.35536003112793,0.06030573323369026,0.46509766578674316,5.562715530395508
joint_ac,34100,6670,6620,1053.0,132.98228454589844,12.121746063232422,3.833963632583618,0.10487562417984009,2.367133140563965,0.0262611024081707,0.9206779599189758,-0.6384626030921936,0.9701122641563416,34.199554443359375,0.04586252570152283,0.06642533838748932,5.4588518142700195
joint_ac,34965,6843,6793,1083.1,132.63809204101562,12.115499496459961,2.873181104660034,0.09469792991876602,3.254960775375366,-0.0020135827362537384,0.9213256239891052,-0.7151454091072083,0.9823760986328125,31.305593490600586,0.023459190502762794,0.5053839683532715,5.26025390625
joint_ac,35840,7018,6968,1113.3,132.76715087890625,12.122644424438477,3.7396252155303955,0.09514482319355011,2.280519723892212,0.0017573945224285126,0.9225366711616516,-0.59908127784729,0.9734840393066406,31.305009841918945,0.05075511708855629,0.34284117817878723,5.425416469573975
joint_ac,36715,7193,7143,1143.3,132.213134765625,12.0956449508667,3.581803560256958,0.10893090814352036,2.315847635269165,0.04235362261533737,0.9221734404563904,-0.4944715201854706,0.9735127091407776,36.34382629394531,0.043619610369205475,0.36875155568122864,5.250097274780273
joint_ac,37595,7369,7319,1173.4,132.848876953125,12.1250638961792,3.4683420658111572,0.09553821384906769,2.9540042877197266,-0.006412118673324585,0.9211134910583496,-0.5565798878669739,0.9803799986839294,39.4454460144043,0.053330302238464355,0.32535478472709656,5.080350875854492
joint_ac,38415,7533,7483,1203.5,132.1288604736328,12.06689453125,3.3870768547058105,0.1202664002776146,2.784121036529541,-0.01567433774471283,0.9221093654632568,-0.5271984934806824,0.9682571887969971,38.91299057006836,0.07274111360311508,0.4680027365684509,5.168454647064209
joint_ac,39235,7697,7647,1233.6,132.84059143066406,12.123711585998535,3.2051684856414795,0.13476166129112244,2.9268484115600586,0.0617690235376358,0.925509512424469,-0.6073740124702454,0.9465264081954956,62.40690612792969,0.12225700914859772,0.4407733082771301,5.336710453033447
joint_ac,40080,7866,7816,1263.8,131.98406982421875,12.129721641540527,3.2008471488952637,0.08526325225830078,2.2822399139404297,0.056839264929294586,0.9213240146636963,-0.5701521635055542,0.9846619367599487,34.19318771362305,0.07256616652011871,0.37543800473213196,5.118497848510742
joint_ac,40905,8031,7981,1293.8,131.67401123046875,12.082365989685059,3.186309814453125,0.08307771384716034,2.477571725845337,0.027898278087377548,0.9199213981628418,-0.6452091932296753,0.9755672216415405,42.134037017822266,0.08190958946943283,0.0637831911444664,5.103402137756348
joint_ac,41740,8198,8148,1323.8,131.236083984375,12.050554275512695,3.1383485794067383,0.08648107200860977,2.452080726623535,-0.01544775441288948,0.9230451583862305,-0.6059198975563049,0.9759964346885681,29.35335922241211,0.044423140585422516,0.49671071767807007,5.053635597229004
joint_ac,42555,8361,8311,1354.0,131.5340118408203,12.124401092529297,3.2158889770507812,0.09692321717739105,1.9262804985046387,0.03627077862620354,0.9217205047607422,-0.5978371500968933,0.9651544094085693,32.58837890625,0.05992831289768219,0.17258884012699127,5.050899982452393
joint_ac,43355,8521,8471,1384.0,133.5184326171875,12.146759033203125,3.7086167335510254,0.09562758356332779,3.1550650596618652,0.01675187423825264,0.9202997088432312,-0.6366838216781616,0.971113383769989,38.47538375854492,0.032760705798864365,0.1609514355659485,5.091538906097412
joint_ac,44140,8678,8628,1414.1,131.58909606933594,12.065386772155762,3.359193801879883,0.13103675842285156,2.37968111038208,0.021952729672193527,0.9221004843711853,-0.6429328918457031,0.9786815643310547,28.419754028320312,0.09836985170841217,0.13414880633354187,5.065314769744873
joint_ac,44915,8833,8783,1444.2,131.7627410888672,12.092371940612793,3.3316805362701416,0.07952748239040375,2.375227928161621,0.02843877300620079,0.9204463362693787,-0.6056432723999023,0.9831504821777344,49.123355865478516,0.026071887463331223,0.07864635437726974,5.052575588226318
joint_ac,45705,8991,8941,1474.2,131.6412353515625,12.050243377685547,3.4115917682647705,0.08119300752878189,2.6816201210021973,0.05056915059685707,0.9221292734146118,-0.5378227233886719,0.9465550780296326,39.888248443603516,0.037821073085069656,0.34584662318229675,4.964387893676758
joint_ac,46425,9135,9085,1504.4,131.34776306152344,12.063055038452148,3.181612491607666,0.08407959342002869,2.4703433513641357,-0.054160330444574356,0.9260802865028381,-0.5112747550010681,0.9639713168144226,29.7255916595459,0.05263907462358475,0.7736557722091675,4.981184959411621
joint_ac,47135,9277,9227,1534.6,131.49832153320312,12.096227645874023,3.411219596862793,0.08689556270837784,2.0446763038635254,0.031122975051403046,0.9213460087776184,-0.6522840261459351,0.9619694948196411,34.00441360473633,0.05162863805890083,0.04524100944399834,4.993250846862793
joint_ac,47875,9425,9375,1564.7,132.0692138671875,12.103686332702637,3.1669251918792725,0.0976366475224495,2.793938159942627,0.019700828939676285,0.9210543036460876,-0.6021846532821655,0.9617373943328857,47.48810577392578,0.06054915860295296,0.1047934740781784,4.973838806152344
joint_ac,48675,9585,9535,1594.8,131.2373046875,12.113631248474121,3.1500539779663086,0.09669779241085052,1.8513352870941162,0.015224836766719818,0.9203476905822754,-0.6335842609405518,0.9742527604103088,37.22701644897461,0.043377671390771866,0.1487192064523697,5.002903461456299
joint_ac,49470,9744,9694,1625.0,130.81512451171875,12.052511215209961,3.3132271766662598,0.1125495433807373,1.858810544013977,0.024017542600631714,0.9209715723991394,-0.5744876861572266,0.9666845798492432,29.96871566772461,0.05704275518655777,0.04955335333943367,5.005416393280029
joint_ac,50280,9906,9856,1655.1,132.33204650878906,12.066235542297363,3.32303524017334,0.14825855195522308,3.2285056114196777,0.021446414291858673,0.9209150075912476,-0.4554957449436188,0.9694517850875854,66.53273010253906,0.07542160898447037,0.11649386584758759,4.969878196716309
joint_ac,51089,10067,10017,1685.1,137.818359375,12.735373497009277,3.2724356651306152,0.11935395002365112,2.0595288276672363,0.0027802959084510803,0.9214478135108948,-0.5118368864059448,0.9697145819664001,50.642578125,0.0591009147465229,0.16070887446403503,5.0133056640625
joint_ac,51915,10233,10183,1715.2,134.5876007080078,12.347787857055664,3.4328513145446777,0.09336274117231369,2.635932445526123,0.009981516748666763,0.9243625402450562,-0.5721644163131714,0.9553395509719849,36.3462028503418,0.046339623630046844,0.16412830352783203,4.947580814361572
joint_ac,52740,10398,10348,1745.2,130.4884796142578,12.043749809265137,2.9077017307281494,0.08391398936510086,2.167404890060425,-0.0009234510362148285,0.9206991195678711,-0.5151413083076477,0.9701603651046753,24.724931716918945,0.04178750142455101,0.19322620332241058,4.891955852508545
joint_ac,53565,10563,10513,1775.2,131.41693115234375,12.067704200744629,3.2617599964141846,0.10632731765508652,2.4876160621643066,-0.002932164818048477,0.9214072823524475,-0.5846104025840759,0.9735063314437866,32.52785110473633,0.026986639946699142,0.2941913604736328,4.884171009063721
joint_ac,54365,10723,10673,1805.3,131.4978485107422,12.091867446899414,2.8747832775115967,0.18696638941764832,2.44681978225708,-0.002314159646630287,0.9233537912368774,-0.5260981321334839,0.9513891935348511,42.95595932006836,0.09516602009534836,0.24915888905525208,5.070611000061035
joint_ac,55200,10890,10840,1835.4,130.2479705810547,12.040912628173828,3.1619763374328613,0.06829056143760681,1.7565670013427734,0.04597268998622894,0.9209641814231873,-0.603070855140686,0.9707507491111755,33.802024841308594,0.03259429708123207,0.18907572329044342,4.8519978523254395
joint_ac,55960,11042,10992,1865.6,131.72927856445312,12.08348560333252,3.2234575748443604,0.11580732464790344,2.506293296813965,0.003421839326620102,0.9240520596504211,-0.52407306432724,0.9466750025749207,37.54288864135742,0.21339213848114014,0.1941317915916443,5.048874855041504
joint_ac,56755,11201,11151,1895.7,131.01512145996094,12.017680168151855,3.3063952922821045,0.09329915791749954,2.5701699256896973,0.07830990105867386,0.9220845699310303,-0.7402044534683228,0.9773943424224854,28.6903018951416,0.027019323781132698,0.3649638295173645,4.868448734283447
joint_ac,57570,11364,11314,1925.8,130.0301971435547,12.003904342651367,3.3538386821746826,0.08750192075967789,1.6945098638534546,0.05614938214421272,0.9208822250366211,-0.6876378655433655,0.9697678685188293,18.875436782836914,0.038098935037851334,0.21912716329097748,4.85529899597168
joint_ac,58435,11537,11487,1955.9,131.085693359375,12.0484619140625,3.285322904586792,0.06948473304510117,2.3895013332366943,-0.045701224356889725,0.9294824004173279,-0.6229651570320129,0.9725695252418518,26.658405303955078,0.121756412088871,0.8110606670379639,4.856757164001465
joint_ac,59295,11709,11659,1986.0,129.89488220214844,12.085870742797852,2.6114351749420166,0.10454150289297104,1.5243812799453735,0.020465362817049026,0.9209121465682983,-0.6012833714485168,0.975300669670105,20.620336532592773,0.03821876272559166,0.10700926929712296,4.795841217041016
joint_ac,60190,11888,11838,2016.1,135.58828735351562,12.365732192993164,3.6418163776397705,0.12031646817922592,3.2538578510284424,-0.02227652072906494,0.9260523915290833,-0.5268585085868835,0.964117169380188,46.05978775024414,0.19265803694725037,0.4744326174259186,4.914976119995117
joint_ac,61090,12068,12018,2046.2,130.4573211669922,12.030471801757812,2.943798303604126,0.08918818831443787,2.3323276042938232,0.03980080038309097,0.9209678173065186,-0.6049793362617493,0.9785174131393433,23.943891525268555,0.08343035727739334,0.1315900981426239,4.787301540374756
joint_ac,61980,12246,12196,2076.3,132.2670440673828,12.198334693908691,2.7200496196746826,0.08375323563814163,2.6031038761138916,0.020411048084497452,0.9216091632843018,-0.7405712008476257,0.9705055952072144,42.87254333496094,0.0261393915861845,0.21451807022094727,4.876791954040527
joint_ac,62895,12429,12379,2106.4,131.61634826660156,12.084209442138672,3.5123488903045654,0.1106015294790268,2.2917771339416504,0.017662178725004196,0.9253700971603394,-0.5680803060531616,0.9481248259544373,34.58717346191406,0.07725238054990768,0.16204270720481873,4.859528541564941
joint_ac,63835,12617,12567,2136.5,130.50001525878906,12.026826858520508,3.452317714691162,0.10118778795003891,1.861830711364746,-0.004139754921197891,0.9208183288574219,-0.6056467294692993,0.9585906863212585,26.669204711914062,0.0192241407930851,0.30576562881469727,4.816404342651367
joint_ac,64757,12801,12751,2166.5,131.70802307128906,12.081822395324707,3.210930109024048,0.08213774114847183,2.8085110187530518,0.04020725563168526,0.9236308336257935,-0.32116788625717163,0.9613414406776428,28.736143112182617,0.08373037725687027,0.41483503580093384,4.788204669952393
joint_ac,65665,12983,12933,2196.5,131.65579223632812,12.087932586669922,3.255023241043091,0.0719149112701416,2.6125848293304443,-0.007633883506059647,0.925423800945282,-0.43762147426605225,0.9648645520210266,36.475624084472656,0.053013939410448074,0.25031062960624695,4.836926460266113
joint_ac,66585,13167,13117,2226.6,134.30296325683594,12.172640800476074,4.020678520202637,0.09211952984333038,3.5251293182373047,0.025442413985729218,0.9255071878433228,-0.40154922008514404,0.9425461888313293,82.7003402709961,0.07996485382318497,0.2126108855009079,4.938623428344727
joint_ac,67515,13353,13303,2256.7,129.48849487304688,12.031452178955078,2.3870749473571777,0.07621455937623978,1.9389337301254272,0.007380880415439606,0.92097008228302,-0.47445017099380493,0.9838383793830872,27.958213806152344,0.05243690311908722,0.10285095870494843,4.771753311157227
joint_ac,68435,13537,13487,2286.7,131.07225036621094,12.09599494934082,3.176029682159424,0.09729856252670288,2.0169310569763184,0.05158146843314171,0.924770712852478,-0.6669131517410278,0.9465998411178589,30.235042572021484,0.07662682235240936,0.1706354171037674,4.822049140930176
joint_ac,69370,13724,13674,2316.8,130.90536499023438,12.066081047058105,3.123309850692749,0.1207050085067749,2.0907278060913086,-0.021217722445726395,0.9249963760375977,-0.6797360181808472,0.9848876595497131,31.523807525634766,0.05743040144443512,0.5182362794876099,4.909806251525879
joint_ac,70300,13910,13860,2346.8,130.3849639892578,12.033259391784668,3.0788967609405518,0.11580667644739151,1.97795832157135,0.009703334420919418,0.9220457673072815,-0.4787989556789398,0.9357362389564514,25.35495376586914,0.06658244132995605,0.06873045116662979,4.879715442657471
joint_ac,71190,14088,14038,2376.9,130.80148315429688,12.043328285217285,2.986408233642578,0.1484633833169937,2.4132659435272217,-0.04223400726914406,0.9256564974784851,-0.5922173857688904,0.9879727959632874,38.147735595703125,0.05548165366053581,0.6112303733825684,4.820070743560791
joint_ac,72115,14273,14223,2407.0,130.4599609375,12.084513664245605,2.9077799320220947,0.0857393816113472,1.7931339740753174,0.04113822430372238,0.9215360283851624,-0.5895420908927917,0.9831186532974243,25.410947799682617,0.030733956024050713,0.1455254852771759,4.8281707763671875
joint_ac,73035,14457,14407,2437.1,129.18443298339844,12.022514343261719,2.7928240299224854,0.06783709675073624,1.3272130489349365,0.054163478314876556,0.9239580035209656,-0.4759805500507355,0.9635686874389648,24.15816307067871,0.036300063133239746,0.35279160737991333,4.771406650543213
joint_ac,73945,14639,14589,2467.2,130.2926788330078,12.051749229431152,3.148590326309204,0.11370781809091568,1.7076531648635864,0.015823476016521454,0.923041045665741,-0.5160945057868958,0.9699665307998657,23.578750610351562,0.0849233940243721,0.14704923331737518,4.8052215576171875
joint_ac,74895,14829,14779,2497.2,129.41221618652344,12.03319263458252,2.8310282230377197,0.06858967989683151,1.4177912473678589,0.03631192073225975,0.921910285949707,-0.6616985201835632,0.9844923615455627,23.95090103149414,0.04602501168847084,0.10988305509090424,4.762883186340332
joint_ac,75850,15020,14970,2527.2,130.90078735351562,12.037764549255371,3.1892645359039307,0.11842530965805054,2.299743175506592,0.001829521730542183,0.936216413974762,-0.7912218570709229,0.98216313123703,29.016925811767578,0.33895477652549744,0.546279788017273,4.915712833404541
joint_ac,76795,15209,15159,2557.4,128.97052001953125,12.045083999633789,2.2105934619903564,0.08220341056585312,1.486715316772461,0.08046876639127731,0.9247962832450867,-0.5262539386749268,0.9758899807929993,37.24477005004883,0.0737060159444809,0.6139436960220337,4.740170001983643
joint_ac,77720,15394,15344,2587.5,131.1924591064453,12.138265609741211,3.339952230453491,0.09233839064836502,1.6004724502563477,0.045629460364580154,0.9232330322265625,-0.6239607334136963,0.9797128438949585,34.12705993652344,0.06684181839227676,0.14703501760959625,4.7770233154296875
joint_ac,78630,15576,15526,2617.6,130.66163635253906,12.046814918518066,3.3176400661468506,0.07990088313817978,2.0097897052764893,0.03999816253781319,0.9204625487327576,-0.7245553135871887,0.9869844913482666,45.448822021484375,0.03959661349654198,0.023372050374746323,4.786153793334961
joint_ac,79565,15763,15713,2647.7,129.0762176513672,11.9767484664917,3.098271131515503,0.10012855380773544,1.3793039321899414,0.006259724497795105,0.922629714012146,-0.70550537109375,0.9816228151321411,28.052635192871094,0.11821190267801285,0.26280677318573,4.7310285568237305
joint_ac,80495,15949,15899,2677.7,129.8495330810547,12.014159202575684,2.960325002670288,0.07208378612995148,1.9228994846343994,0.003167804330587387,0.9256129860877991,-0.5765453577041626,0.9475082159042358,26.43739128112793,0.07842439413070679,0.20357990264892578,4.7526326179504395
joint_ac,81385,16127,16077,2707.8,131.0499267578125,12.093963623046875,2.964444160461426,0.11860178411006927,2.156726121902466,0.02370263636112213,0.9256922006607056,-0.411438524723053,0.9713502526283264,35.80514907836914,0.0581074133515358,0.1876373589038849,4.870513439178467
joint_ac,82255,16301,16251,2737.8,129.31259155273438,12.007312774658203,3.0908455848693848,0.07654643058776855,1.3242827653884888,0.007921025156974792,0.921746551990509,-0.5145584344863892,0.9755182862281799,27.04950714111328,0.04302416741847992,0.11261827498674393,4.747777938842773
joint_ac,83120,16474,16424,2767.9,128.748046875,11.984077453613281,2.591463327407837,0.08017048239707947,1.499571681022644,-0.028685826808214188,0.9248546957969666,-0.6791448593139648,0.9786960482597351,34.71300506591797,0.07041380554437637,0.58790123462677,4.736071586608887
joint_ac,83955,16641,16591,2798.0,130.18838500976562,12.058895111083984,2.7866370677948,0.06567085534334183,1.9391379356384277,-0.032788828015327454,0.9315574169158936,-0.6638645529747009,0.9642351269721985,35.36177444458008,0.07310347259044647,0.5962437391281128,4.807966232299805
joint_ac,84800,16810,16760,2828.0,128.71438598632812,11.997797012329102,2.3944473266601562,0.0633598119020462,1.5274641513824463,-0.0026143454015254974,0.9265280365943909,-0.8252428770065308,0.9875891208648682,24.671161651611328,0.03894514963030815,0.449811190366745,4.751143932342529
joint_ac,85695,16989,16939,2858.0,129.66610717773438,11.997095108032227,2.9419021606445312,0.09927359968423843,1.9032611846923828,0.08011242747306824,0.9253460168838501,-0.5785926580429077,0.9729022979736328,23.972286224365234,0.085883229970932,0.48655423521995544,4.750715732574463
joint_ac,86585,17167,17117,2888.2,129.53921508789062,12.025168418884277,2.872119188308716,0.07629276067018509,1.5846341848373413,0.04680206999182701,0.9254275560379028,-0.7067818641662598,0.9733582735061646,26.445253372192383,0.07643242180347443,0.1102680116891861,4.754488468170166
joint_ac,87460,17342,17292,2918.2,128.7836456298828,11.984319686889648,2.57572865486145,0.05655279755592346,1.54901123046875,0.08744635432958603,0.9233973622322083,-0.7802371978759766,0.9696729183197021,22.150489807128906,0.059921473264694214,0.36248135566711426,4.759160995483398
joint_ac,88350,17520,17470,2948.3,130.025390625,12.05240535736084,2.7133471965789795,0.07988293468952179,1.940540075302124,0.06001107767224312,0.9266482591629028,-0.6782547235488892,0.9785584211349487,25.25130271911621,0.08242384344339371,0.3793673813343048,4.767578125
joint_ac,89230,17696,17646,2978.3,129.54429626464844,12.004928588867188,2.8061792850494385,0.05886583775281906,1.884244680404663,-0.030468184500932693,0.9451525807380676,-0.8384865522384644,0.9761217832565308,31.27369499206543,0.06588687747716904,0.6437661051750183,4.745716094970703
joint_ac,90095,17869,17819,3008.3,128.89999389648438,12.00648307800293,2.646416425704956,0.05871746689081192,1.3954474925994873,0.02023671567440033,0.9231820702552795,-0.5072232484817505,0.9800711870193481,21.377666473388672,0.04581167548894882,0.06295116990804672,4.734569549560547
joint_ac,90925,18035,17985,3038.4,129.14456176757812,11.990076065063477,2.9150071144104004,0.09404277056455612,1.5099027156829834,0.023818474262952805,0.9229851365089417,-0.7860095500946045,0.9844556450843811,22.732650756835938,0.07621105760335922,0.20102863013744354,4.724864482879639
joint_ac,91795,18209,18159,3068.5,129.0155792236328,12.036398887634277,2.2610599994659424,0.06410238146781921,1.5746997594833374,0.0032215826213359833,0.9228380918502808,-0.7211487293243408,0.9724966287612915,23.15382194519043,0.03485887497663498,0.2929065525531769,4.751719951629639
joint_ac,92655,18381,18331,3098.5,130.4518280029297,12.054372787475586,2.9526681900024414,0.17832127213478088,1.9904390573501587,-0.03729473054409027,0.9273524880409241,-0.5139411091804504,0.9572380185127258,33.64680099487305,0.16018614172935486,0.47970038652420044,4.786674499511719
joint_ac,93505,18551,18501,3128.7,129.41773986816406,12.027647972106934,2.710225820541382,0.15401746332645416,1.5673540830612183,-0.007056880742311478,0.9249476194381714,-0.30680567026138306,0.9479796290397644,22.972959518432617,0.25067761540412903,0.1004980280995369,4.709665298461914
joint_ac,94360,18722,18672,3158.8,129.66134643554688,12.05079460144043,2.862112522125244,0.06297996640205383,1.5032774209976196,0.02602376788854599,0.920911431312561,-0.6116629242897034,0.9741604924201965,31.354753494262695,0.0398157462477684,0.05181913822889328,4.725029945373535
joint_ac,95210,18892,18842,3188.9,129.81988525390625,12.062023162841797,2.7371740341186523,0.08018013834953308,1.6447563171386719,0.04646533355116844,0.9247922897338867,-0.5716603994369507,0.9713451266288757,30.390560150146484,0.12468302994966507,0.1986694633960724,4.737545490264893
joint_ac,96105,19071,19021,3218.9,129.37557983398438,12.043355941772461,2.677403688430786,0.09755206853151321,1.4341950416564941,0.02924836054444313,0.9335309863090515,-0.6698145866394043,0.9787899255752563,27.07383155822754,0.09058704972267151,0.17672619223594666,4.732865333557129
joint_ac,96945,19239,19189,3249.0,128.74488830566406,12.013620376586914,2.2479238510131836,0.06873705983161926,1.5643452405929565,0.06956513971090317,0.925270140171051,-0.4675605595111847,0.9553688764572144,26.885929107666016,0.07167787849903107,0.47698909044265747,4.727675914764404
joint_ac,97800,19410,19360,3279.2,129.15574645996094,12.005419731140137,2.7582149505615234,0.09428442269563675,1.506598949432373,0.04220336675643921,0.9254544377326965,-0.6087331175804138,0.9627253413200378,21.717958450317383,0.2292107194662094,0.18647338449954987,4.742448329925537
joint_ac,98630,19576,19526,3309.2,128.89634704589844,12.017766952514648,2.311004161834717,0.061591893434524536,1.6091253757476807,0.05334732308983803,0.9242327809333801,-0.539889395236969,0.9671638011932373,21.870750427246094,0.1553526520729065,0.23501957952976227,4.736956596374512
joint_ac,99480,19746,19696,3339.2,129.28204345703125,12.02545166015625,2.8890817165374756,0.08220906555652618,1.3763962984085083,0.009250730276107788,0.9261683225631714,-0.5150166749954224,0.9616129398345947,29.43699836730957,0.09844668954610825,0.14575503766536713,4.679832935333252
joint_ac,100305,19911,19861,3369.3,129.165283203125,12.07260513305664,2.0634639263153076,0.057970914989709854,1.5878337621688843,0.047508563846349716,0.9248515367507935,-0.47898486256599426,0.9813585877418518,27.662494659423828,0.03572158142924309,0.3741439878940582,4.729974746704102
joint_ac,101140,20078,20028,3399.4,128.68521118164062,11.996912002563477,2.6221659183502197,0.07751759141683578,1.324257493019104,0.010620471090078354,0.9278093576431274,-0.7420815229415894,0.9726629853248596,20.084932327270508,0.08418898284435272,0.257464200258255,4.692148208618164
joint_ac,101955,20241,20191,3429.4,129.7169952392578,12.07423210144043,2.6733298301696777,0.05750402808189392,1.5419379472732544,0.054740287363529205,0.9224575757980347,-0.5946250557899475,0.9755851626396179,25.48147201538086,0.08769354224205017,0.22283335030078888,4.701904773712158
joint_ac,102810,20412,20362,3459.5,129.59674072265625,12.046170234680176,2.9474823474884033,0.05641917884349823,1.4393417835235596,0.03120437264442444,0.9224837422370911,-0.5820834040641785,0.9683020710945129,29.43336296081543,0.056360695511102676,0.08486021310091019,4.691789627075195
joint_ac,103665,20583,20533,3489.7,129.32066345214844,12.013992309570312,2.687626838684082,0.08818837255239487,1.6743407249450684,0.023584552109241486,0.9228017926216125,-0.4812045097351074,0.973465085029602,27.306880950927734,0.0901976153254509,0.12350022047758102,4.73057746887207
joint_ac,104520,20754,20704,3519.7,129.03594970703125,12.055853843688965,2.318713426589966,0.05859886109828949,1.3965833187103271,0.008589740842580795,0.9247608780860901,-0.5377001762390137,0.9692690372467041,22.830209732055664,0.06907400488853455,0.17757047712802887,4.703514575958252
joint_ac,105390,20928,20878,3549.8,129.31576538085938,12.033276557922363,2.285590410232544,0.056305475533008575,1.9081168174743652,0.04043661803007126,0.9214186668395996,-0.6240187883377075,0.9691698551177979,49.90476989746094,0.026251602917909622,0.12974435091018677,4.732993125915527
joint_ac,106230,21096,21046,3580.0,128.86605834960938,12.005389213562012,2.562117576599121,0.055964644998311996,1.4802066087722778,0.046756114810705185,0.9200711250305176,-0.6992310285568237,0.9806149005889893,16.74190902709961,0.025273138657212257,0.09289319068193436,4.713875770568848
joint_ac,107085,21267,21217,3610.0,128.7895965576172,12.019919395446777,2.3966357707977295,0.06834497302770615,1.3956339359283447,0.020611833781003952,0.9197548031806946,-0.5475369691848755,0.98436439037323,19.412874221801758,0.02113514021039009,0.024542761966586113,4.729793548583984
joint_ac,107910,21432,21382,3640.1,128.79318237304688,12.030842781066895,2.2677817344665527,0.05580791085958481,1.4617167711257935,0.010348856449127197,0.9206487536430359,-0.566218376159668,0.9765845537185669,22.296720504760742,0.032017920166254044,0.10573418438434601,4.699439525604248
joint_ac,108760,21602,21552,3670.2,129.9591827392578,12.04094123840332,2.997837781906128,0.10636206716299057,1.7601752281188965,-0.013548877090215683,0.9273130297660828,-0.7271319031715393,0.9799747467041016,29.614742279052734,0.08175353705883026,0.4450271427631378,4.6854023933410645
joint_ac,109580,21766,21716,3700.3,129.771484375,12.022296905517578,3.0259687900543213,0.13956394791603088,1.6767544746398926,-0.0024497732520103455,0.9208782315254211,-0.6375473141670227,0.9818376898765564,30.021135330200195,0.03910671919584274,0.27810341119766235,4.70621919631958
joint_ac,110440,21938,21888,3730.4,129.37631225585938,12.025199890136719,2.695734977722168,0.06307806819677353,1.651774525642395,0.059789080172777176,0.9249876737594604,-0.6776148080825806,0.9520925879478455,23.796764373779297,0.07021322846412659,0.2142326384782791,4.713721752166748
joint_ac,111280,22106,22056,3760.5,129.20648193359375,12.099825859069824,1.8768377304077148,0.056402239948511124,1.5486245155334473,0.038523364812135696,0.9242199659347534,-0.5197367072105408,0.973309338092804,25.832481384277344,0.2014041244983673,0.20264986157417297,4.726348876953125
joint_ac,112145,22279,22229,3790.6,128.9208984375,12.008784294128418,2.620332717895508,0.056266289204359055,1.487726092338562,0.04109548404812813,0.9199771285057068,-0.7243708968162537,0.9696424007415771,20.102619171142578,0.0288810096681118,0.04040715843439102,4.668725967407227
joint_ac,112950,22440,22390,3820.7,128.6012420654297,12.000394821166992,2.3950841426849365,0.06023688614368439,1.440463662147522,0.0650680735707283,0.9233246445655823,-0.6045768857002258,0.9674984812736511,19.833171844482422,0.10009175539016724,0.31743094325065613,4.701507091522217
joint_ac,113805,22611,22561,3850.8,129.6159210205078,12.066579818725586,2.603893756866455,0.07874269038438797,1.5692927837371826,0.043745867908000946,0.9204251170158386,-0.6832695007324219,0.9806344509124756,29.95516586303711,0.04122595489025116,0.07996605336666107,4.698195934295654
joint_ac,114635,22777,22727,3880.9,128.99215698242188,12.019588470458984,2.2142889499664307,0.08346834033727646,1.7578710317611694,0.011168107390403748,0.9215779304504395,-0.6944063305854797,0.9799768924713135,29.905855178833008,0.11271587014198303,0.21369703114032745,4.740645885467529
joint_ac,115471,22944,22894,3910.9,133.0205078125,12.446151733398438,2.520282745361328,0.05707230046391487,1.3056927919387817,0.04927922785282135,0.9199541211128235,-0.7467896342277527,0.9864818453788757,27.788942337036133,0.03665342181921005,0.06991047412157059,4.675937175750732
joint_ac,116295,23109,23059,3940.9,129.35324096679688,12.045973777770996,2.3500916957855225,0.07974879443645477,1.754490613937378,0.06092303618788719,0.9223160147666931,-0.5193295478820801,0.968628466129303,23.472183227539062,0.09766528010368347,0.35602855682373047,4.709176063537598
joint_ac,117155,23281,23231,3971.0,128.6358184814453,11.9935941696167,2.198909282684326,0.08833996951580048,1.7040959596633911,-0.012444581836462021,0.9295138120651245,-0.8122671246528625,0.9583736658096313,37.75749969482422,0.11227048933506012,0.5196955800056458,4.7085280418396
joint_ac,118000,23450,23400,4001.0,129.48300170898438,12.044510841369629,2.8719427585601807,0.05763676017522812,1.4132590293884277,0.011457599699497223,0.9235351085662842,-0.739016056060791,0.9811347723007202,22.087902069091797,0.042735110968351364,0.2516610324382782,4.695064067840576
joint_ac,118790,23608,23558,4031.0,128.71925354003906,11.98194694519043,2.3783204555511475,0.05663854628801346,1.751689076423645,0.07753146439790726,0.9257569909095764,-0.5649226307868958,0.9642148613929749,28.207901000976562,0.06524080038070679,0.47336888313293457,4.713143825531006
joint_ac,119595,23769,23719,4061.2,129.29733276367188,12.019381523132324,2.6815989017486572,0.0597439669072628,1.678807020187378,0.023819226771593094,0.9202597737312317,-0.6958461999893188,0.9744313359260559,33.49459457397461,0.025365781038999557,0.12290876358747482,4.683362007141113
joint_ac,120440,23938,23888,4091.3,129.71217346191406,12.017247200012207,2.8782958984375,0.08186778426170349,1.8855955600738525,0.016261089593172073,0.9253568649291992,-0.7495734095573425,0.9875853061676025,28.32405662536621,0.08808699250221252,0.20696169137954712,4.693930625915527
joint_ac,121290,24108,24058,4121.5,128.9449462890625,12.012140274047852,2.261335849761963,0.06414932012557983,1.8120124340057373,0.0350770466029644,0.920524001121521,-0.631997287273407,0.9571743011474609,23.23375129699707,0.033524781465530396,0.11945963650941849,4.686040878295898
joint_ac,122155,24281,24231,4151.7,129.84437561035156,12.047246932983398,2.7333269119262695,0.08942011743783951,1.859626054763794,0.05209731683135033,0.9206480383872986,-0.7547192573547363,0.9765806198120117,36.008785247802734,0.07783763110637665,0.10987413674592972,4.689535617828369
joint_ac,123015,24453,24403,4181.8,128.18980407714844,11.982447624206543,2.173100471496582,0.074857696890831,1.4133201837539673,0.010959465056657791,0.9250683784484863,-0.7195366024971008,0.9768239259719849,16.285165786743164,0.07651003450155258,0.2555293142795563,4.704037666320801
joint_ac,123850,24620,24570,4211.9,128.9218292236328,12.007062911987305,2.5154740810394287,0.0801752507686615,1.5688167810440063,0.04267105832695961,0.9215103983879089,-0.7235824465751648,0.9572966694831848,21.935619354248047,0.07730467617511749,0.12549135088920593,4.6867241859436035
joint_ac,124645,24779,24729,4241.9,128.29563903808594,11.995855331420898,2.2129595279693604,0.07591867446899414,1.3674232959747314,0.02977483719587326,0.9230880737304688,-0.6655929088592529,0.9730486273765564,18.458703994750977,0.054766979068517685,0.08200707286596298,4.680785179138184
joint_ac,125485,24947,24897,4272.0,128.8063201904297,12.020655632019043,2.3544974327087402,0.09727943688631058,1.4200499057769775,0.01600540429353714,0.9228515625,-0.5679948329925537,0.9635245203971863,19.824918746948242,0.07388752698898315,0.1365002989768982,4.7279253005981445
joint_ac,126325,25115,25065,4302.0,130.1267852783203,12.071013450622559,2.596480131149292,0.12999536097049713,1.9671926498413086,0.004798334091901779,0.9210864901542664,-0.6430472135543823,0.982357382774353,25.71406364440918,0.06437397003173828,0.23742380738258362,4.722973823547363
joint_ac,127160,25282,25232,4332.2,129.4479217529297,12.022212028503418,2.825692892074585,0.08262363821268082,1.6239266395568848,0.06466349214315414,0.9208104014396667,-0.7183465361595154,0.9898627400398254,30.865022659301758,0.015819916501641273,0.22701719403266907,4.693553447723389
joint_ac,127990,25448,25398,4362.3,127.87016296386719,11.969704627990723,2.11495304107666,0.06901978701353073,1.3170192241668701,0.012421835213899612,0.9213707447052002,-0.8062822222709656,0.9850578308105469,14.311712265014648,0.040535565465688705,0.2685306668281555,4.672123908996582
joint_ac,128780,25606,25556,4392.5,129.2466278076172,12.018645286560059,2.5550966262817383,0.06174885109066963,1.7587100267410278,0.05470721796154976,0.9218627214431763,-0.5858663320541382,0.9553396701812744,26.7856388092041,0.08422038704156876,0.2517355978488922,4.684609889984131
joint_ac,129600,25770,25720,4422.5,129.131103515625,12.032441139221191,2.7033464908599854,0.0789891928434372,1.3439891338348389,0.03644414618611336,0.9241563677787781,-0.6482542157173157,0.9756412506103516,25.608381271362305,0.03487812727689743,0.060967348515987396,4.680363655090332
joint_ac,130400,25930,25880,4452.6,131.48165893554688,12.160818099975586,3.117478847503662,0.07055673748254776,1.96189284324646,0.03253307566046715,0.9251654148101807,-0.681900143623352,0.9712497591972351,38.615440368652344,0.06975103914737701,0.11298852413892746,4.723541259765625
joint_ac,131190,26088,26038,4482.7,131.67027282714844,12.023921012878418,4.242084503173828,0.10758955031633377,2.2113149166107178,0.010716039687395096,0.9254559874534607,-0.5991608500480652,0.9800164699554443,60.98993682861328,0.09160936623811722,0.19566068053245544,4.870066165924072
joint_ac,131985,26247,26197,4512.8,128.47860717773438,12.024725914001465,2.061720371246338,0.07146813720464706,1.4265395402908325,-0.019374467432498932,0.9374135136604309,-0.6992031335830688,0.9704725742340088,17.24873924255371,0.18403995037078857,0.468771368265152,4.671622276306152
joint_ac,132815,26413,26363,4543.0,129.11439514160156,12.035030364990234,2.3950695991516113,0.05590767040848732,1.6195399761199951,0.050257738679647446,0.9250898361206055,-0.6641216278076172,0.9582016468048096,24.361698150634766,0.09190457314252853,0.15598461031913757,4.693561553955078
joint_ac,133650,26580,26530,4573.1,129.39590454101562,12.047901153564453,2.652486562728882,0.07134238630533218,1.482561707496643,0.08140808343887329,0.9230378270149231,-0.6665061712265015,0.9727376699447632,24.630674362182617,0.05645478516817093,0.3692309260368347,4.7104949951171875
joint_ac,134500,26750,26700,4603.2,128.75527954101562,12.004612922668457,2.5323500633239746,0.10387733578681946,1.3827404975891113,0.036137890070676804,0.9217933416366577,-0.6673730611801147,0.9729726314544678,16.68692970275879,0.043092601001262665,0.074123315513134,4.690189361572266
joint_ac,135375,26925,26875,4633.3,128.7402801513672,12.01233959197998,2.3736023902893066,0.08508271723985672,1.437420129776001,0.009664122015237808,0.9214465022087097,-0.6490989327430725,0.9424728155136108,26.88319206237793,0.050891775637865067,0.1905929297208786,4.72077751159668
joint_ac,136235,27097,27047,4663.3,128.43862915039062,11.99632740020752,2.377408742904663,0.08522339910268784,1.3145214319229126,0.010284721851348877,0.923943281173706,-0.7297707200050354,0.9637104868888855,14.667034149169922,0.0555267259478569,0.22168190777301788,4.698212623596191
joint_ac,137090,27268,27218,4693.3,128.71946716308594,12.034552574157715,2.040907859802246,0.07346683740615845,1.5318182706832886,0.015935048460960388,0.9204025864601135,-0.6580581068992615,0.9672377109527588,23.263639450073242,0.05451120063662529,0.14740794897079468,4.72774600982666
